title,text,stars,publishedAtDate,likesCount,platform,tokens,text_preprocessed,sentimen,prediksi_sentimen
Masjid Raya Baiturrahman,terimakasih atas vidio yang mahal ini kami sangat menikmatinya,,20/05/2026 11:07,176,TikTok,"['terimakasih', 'atas', 'vidio', 'mahal', 'sangat', 'nikmat']",terimakasih atas vidio mahal sangat nikmat,,Positif
Masjid Raya Baiturrahman,alhamdulillah sdh dpt masuk dan solat maghrib di masjid baitulrahman pada yg lalu salam dr,,20/05/2026 20:25,46,TikTok,"['alhamdulillah', 'sdh', 'dpt', 'masuk', 'solat', 'maghrib', 'masjid', 'baitulrahman', 'yg', 'lalu', 'salam', 'dr']",alhamdulillah sdh dpt masuk solat maghrib masjid baitulrahman yg lalu salam dr,,Positif
Masjid Raya Baiturrahman,alhamdulillah,,22/05/2026 12:44,8,TikTok,['alhamdulillah'],alhamdulillah,,Positif
Masjid Raya Baiturrahman,masha allah,,01/06/2026 09:44,0,TikTok,"['masha', 'allah']",masha allah,,Positif
Masjid Raya Baiturrahman,ya allah pengen sekali berkunjung ke masjid raya baiturrahman banda aceh salam dari lampaseh,,20/05/2026 19:36,16,TikTok,"['allah', 'ken', 'sekali', 'kunjung', 'masjid', 'raya', 'baiturrahman', 'banda', 'aceh', 'salam', 'lampaseh']",allah ken sekali kunjung masjid raya baiturrahman banda aceh salam lampaseh,,Positif
Masjid Raya Baiturrahman,salam dari jambi pertama kali memijakan kaki di masjid yg bersejarah ini,,22/05/2026 17:59,6,TikTok,"['salam', 'jambi', 'pertama', 'kali', 'pijak', 'kaki', 'masjid', 'yg', 'sejarah']",salam jambi pertama kali pijak kaki masjid yg sejarah,,Positif
Masjid Raya Baiturrahman,sya kristen tapi saya pernah masuk dan menginjakan kaki di mesjid ini saya kagum respact,,22/05/2026 09:45,25,TikTok,"['sya', 'kristen', 'pernah', 'masuk', 'kinja', 'kaki', 'mesjid', 'kagum', 'respact']",sya kristen pernah masuk kinja kaki mesjid kagum respact,,Positif
Masjid Raya Baiturrahman,sticker mesjid baiturrahman banda aceh,,05/06/2026 17:09,1,TikTok,"['sticker', 'mesjid', 'baiturrahman', 'banda', 'aceh']",sticker mesjid baiturrahman banda aceh,,Positif
Masjid Raya Baiturrahman,aku ingin kembali lagi ke sini,,22/05/2026 11:07,6,TikTok,"['aku', 'sini']",aku sini,,Positif
Masjid Raya Baiturrahman,ya allah kapan aku bisa keaceh soalnya aku tinggal di pidie,,20/05/2026 17:59,5,TikTok,"['allah', 'kapan', 'aku', 'keaceh', 'soal', 'aku', 'tinggal', 'pidie']",allah kapan aku keaceh soal aku tinggal pidie,,Positif
Masjid Raya Baiturrahman,mesjid agung,,20/05/2026 12:02,9,TikTok,"['mesjid', 'agung']",mesjid agung,,Positif
Masjid Raya Baiturrahman,sambil rebahan bisa masuk mesjid raya asik ini mantap apalagi saat jamaahnya ramai bnyak sperti momen shalat ied lebih mantap lagi ditunggu ya sob,,21/05/2026 20:50,6,TikTok,"['rebah', 'masuk', 'mesjid', 'raya', 'asik', 'mantap', 'jamaah', 'ramai', 'bnyak', 'sperti', 'momen', 'shalat', 'ied', 'lebih', 'mantap', 'tunggu', 'sob']",rebah masuk mesjid raya asik mantap jamaah ramai bnyak sperti momen shalat ied lebih mantap tunggu sob,,Positif
Masjid Raya Baiturrahman,y allah pengen ke situ lagi bareng orgtua skrang udh tmbah anggota kluarga lgi smoga bisa,,20/05/2026 11:56,16,TikTok,"['y', 'allah', 'ken', 'situ', 'bareng', 'orgtua', 'skrang', 'udh', 'tmbah', 'anggota', 'kluarga', 'lgi', 'smoga']",y allah ken situ bareng orgtua skrang udh tmbah anggota kluarga lgi smoga,,Positif
Masjid Raya Baiturrahman,mesjid kebanggaan orang aceh klo ke banda aceh sebelum singgah ke mesjid raya belum sah rasanya salam dari aneuk ranto medan,,20/05/2026 14:02,5,TikTok,"['mesjid', 'bangga', 'orang', 'aceh', 'klo', 'banda', 'aceh', 'singgah', 'mesjid', 'raya', 'sah', 'rasa', 'salam', 'aneuk', 'ranto', 'medan']",mesjid bangga orang aceh klo banda aceh singgah mesjid raya sah rasa salam aneuk ranto medan,,Positif
Masjid Raya Baiturrahman,aku pernah solat di mesjid raya banda aceh yaallah pingin kesitu lagi,,20/05/2026 17:11,9,TikTok,"['aku', 'pernah', 'solat', 'mesjid', 'raya', 'banda', 'aceh', 'yaallah', 'pingin', 'kesitu']",aku pernah solat mesjid raya banda aceh yaallah pingin kesitu,,Positif
Masjid Raya Baiturrahman,masya allah,,03/06/2026 11:51,0,TikTok,"['masya', 'allah']",masya allah,,Positif
Masjid Raya Baiturrahman,masyaallah sangat indah,,23/05/2026 13:06,0,TikTok,"['masyaallah', 'sangat', 'indah']",masyaallah sangat indah,,Positif
Masjid Raya Baiturrahman,pengen ke aceh bulan depan semaga aja ke capai salam minang lhoksumawe,,20/05/2026 19:26,6,TikTok,"['ken', 'aceh', 'bulan', 'depan', 'semaga', 'aja', 'capai', 'salam', 'mang', 'lhoksumawe']",ken aceh bulan depan semaga aja capai salam mang lhoksumawe,,Positif
Masjid Raya Baiturrahman,keren kak,,24/05/2026 14:33,0,TikTok,"['keren', 'kak']",keren kak,,Positif
Masjid Raya Baiturrahman,masyaallah indah nyaaaaaaa,,29/05/2026 00:41,0,TikTok,"['masyaallah', 'indah', 'nyaaaaaaa']",masyaallah indah nyaaaaaaa,,Positif
Masjid Raya Baiturrahman,sungguh amazing penyajian nya,,26/05/2026 22:25,0,TikTok,"['sungguh', 'amazing', 'saji', 'nya']",sungguh amazing saji nya,,Positif
Masjid Raya Baiturrahman,kangen,,27/05/2026 14:54,0,TikTok,['kangen'],kangen,,Positif
Masjid Raya Baiturrahman,luar biasa mesjid kebaggaan kita,,23/05/2026 16:57,0,TikTok,"['luar', 'biasa', 'mesjid', 'kebaggaan']",luar biasa mesjid kebaggaan,,Positif
Masjid Raya Baiturrahman,sticker,,22/05/2026 09:29,0,TikTok,['sticker'],sticker,,Positif
Masjid Raya Baiturrahman,amiin,,22/05/2026 08:00,1,TikTok,['amiin'],amiin,,Positif
Masjid Raya Baiturrahman,masya allah tabarakallah,,22/05/2026 00:37,0,TikTok,"['masya', 'allah', 'tabarakallah']",masya allah tabarakallah,,Positif
Masjid Raya Baiturrahman,salam dari ulka ule kareng city,,07/06/2026 14:54,0,TikTok,"['salam', 'ulka', 'ule', 'kareng', 'city']",salam ulka ule kareng city,,Positif
Masjid Raya Baiturrahman,masyaallah,,22/05/2026 07:20,0,TikTok,['masyaallah'],masyaallah,,Positif
Masjid Raya Baiturrahman,subhaanallah,,24/05/2026 12:21,0,TikTok,['subhaanallah'],subhaanallah,,Positif
Masjid Raya Baiturrahman,jujur aja yg aku orang aceh tapih belum pernah ke masjid ini,,28/05/2026 02:07,2,TikTok,"['jujur', 'aja', 'yg', 'aku', 'orang', 'aceh', 'tapih', 'pernah', 'masjid']",jujur aja yg aku orang aceh tapih pernah masjid,,Positif
Masjid Raya Baiturrahman,thankyou,,22/05/2026 11:28,1,TikTok,['thankyou'],thankyou,,Positif
Masjid Raya Baiturrahman,masya allah bru tau seluas itu,,03/06/2026 18:13,1,TikTok,"['masya', 'allah', 'bru', 'tau', 'luas']",masya allah bru tau luas,,Positif
Masjid Raya Baiturrahman,salah satu masjid tertua,,22/05/2026 17:11,0,TikTok,"['salah', 'satu', 'masjid', 'tua']",salah satu masjid tua,,Positif
Masjid Raya Baiturrahman,salam duuh luar biasa indah dan megah nye,,01/06/2026 18:23,0,TikTok,"['salam', 'duuh', 'luar', 'biasa', 'indah', 'megah', 'nye']",salam duuh luar biasa indah megah nye,,Positif
Masjid Raya Baiturrahman,huaaa kangen,,22/05/2026 22:16,0,TikTok,"['huaaa', 'kangen']",huaaa kangen,,Positif
Masjid Raya Baiturrahman,mashaallah mantap,,22/05/2026 15:06,0,TikTok,"['mashaallah', 'mantap']",mashaallah mantap,,Netral
Masjid Raya Baiturrahman,subhanallah,,21/05/2026 07:42,0,TikTok,['subhanallah'],subhanallah,,Positif
Masjid Raya Baiturrahman,sticker,,26/05/2026 20:52,0,TikTok,['sticker'],sticker,,Positif
Masjid Raya Baiturrahman,ya allah semoga dapat pergi sana hari nanti aamiin,,20/05/2026 17:01,2,TikTok,"['allah', 'moga', 'pergi', 'sana', 'hari', 'aamiin']",allah moga pergi sana hari aamiin,,Positif
Masjid Raya Baiturrahman,kalo begini izinnya kemana,,20/05/2026 19:06,1,TikTok,"['kalo', 'begini', 'izin']",kalo begini izin,,Positif
Masjid Raya Baiturrahman,sudah pernah kesana thn kemarin,,24/05/2026 09:52,0,TikTok,"['pernah', 'kesana', 'thn', 'kemarin']",pernah kesana thn kemarin,,Positif
Masjid Raya Baiturrahman,amin,,21/05/2026 10:47,0,TikTok,['amin'],amin,,Positif
Masjid Raya Baiturrahman,sticker,,20/05/2026 10:50,2,TikTok,['sticker'],sticker,,Positif
Masjid Raya Baiturrahman,alhamdulillah udah pernah salam dari aceh selatan,,22/05/2026 10:35,0,TikTok,"['alhamdulillah', 'udah', 'pernah', 'salam', 'aceh', 'selatan']",alhamdulillah udah pernah salam aceh selatan,,Positif
Masjid Raya Baiturrahman,masyaallah,,29/05/2026 19:41,0,TikTok,['masyaallah'],masyaallah,,Positif
Masjid Raya Baiturrahman,subhanallah,,23/05/2026 02:45,0,TikTok,['subhanallah'],subhanallah,,Positif
Masjid Raya Baiturrahman,masya allah,,20/05/2026 12:38,3,TikTok,"['masya', 'allah']",masya allah,,Positif
Masjid Raya Baiturrahman,sticker,,24/05/2026 16:54,0,TikTok,['sticker'],sticker,,Positif
Masjid Raya Baiturrahman,masjid raya baiturrahman masyaallah,,20/05/2026 14:32,1,TikTok,"['masjid', 'raya', 'baiturrahman', 'masyaallah']",masjid raya baiturrahman masyaallah,,Positif
Masjid Raya Baiturrahman,masyaallah,,24/05/2026 03:35,0,TikTok,['masyaallah'],masyaallah,,Positif
Masjid Raya Baiturrahman,gini rasanya terbang rendahh kayanya ya,,27/05/2026 15:41,1,TikTok,"['gin', 'rasa', 'terbang', 'rendahh', 'kaya']",gin rasa terbang rendahh kaya,,Positif
Masjid Raya Baiturrahman,alhamdulilah saya sdh berulang kali sholat di mesjid raya baiturahman sedap sangat di dlm nya sejuk sangat hati pun selalu tenang masya allah,,21/05/2026 07:13,3,TikTok,"['alhamdulilah', 'sdh', 'ulang', 'kali', 'sholat', 'mesjid', 'raya', 'baiturahman', 'sedap', 'sangat', 'dlm', 'nya', 'sejuk', 'sangat', 'hati', 'selalu', 'tenang', 'masya', 'allah']",alhamdulilah sdh ulang kali sholat mesjid raya baiturahman sedap sangat dlm nya sejuk sangat hati selalu tenang masya allah,,Positif
Masjid Raya Baiturrahman,izin share kk,,20/05/2026 12:40,3,TikTok,"['izin', 'share', 'kk']",izin share kk,,Positif
Masjid Raya Baiturrahman,pengen banget ke aceh salam dari krueng mane,,28/05/2026 06:52,2,TikTok,"['ken', 'banget', 'aceh', 'salam', 'krueng', 'mane']",ken banget aceh salam krueng mane,,Positif
Masjid Raya Baiturrahman,betapa rindu nya kesini lagi,,21/05/2026 10:39,1,TikTok,"['betapa', 'rindu', 'nya', 'kesini']",betapa rindu nya kesini,,Positif
Masjid Raya Baiturrahman,aku tinggal di aceh utara tapi belum pernah kemesjid ini ya allah berilah kesempatan untuk ku untuk berkunjung ke mesjid ini aamiiin,,22/05/2026 13:29,1,TikTok,"['aku', 'tinggal', 'aceh', 'utara', 'pernah', 'mesjid', 'allah', 'ilah', 'sempat', 'ku', 'kunjung', 'mesjid', 'aamiiin']",aku tinggal aceh utara pernah mesjid allah ilah sempat ku kunjung mesjid aamiiin,,Positif
Masjid Raya Baiturrahman,masyaallah adem nya,,20/05/2026 12:11,3,TikTok,"['masyaallah', 'adem', 'nya']",masyaallah adem nya,,Positif
Masjid Raya Baiturrahman,lurus tebus ke mekah yaallah pingin ke mekah,,22/05/2026 14:42,2,TikTok,"['lurus', 'tebus', 'mekah', 'yaallah', 'pingin', 'mekah']",lurus tebus mekah yaallah pingin mekah,,Positif
Masjid Raya Baiturrahman,kebanggaan rakyat aceh adalah masjid raya baiturrahman,,20/05/2026 12:07,4,TikTok,"['bangga', 'rakyat', 'aceh', 'masjid', 'raya', 'baiturrahman']",bangga rakyat aceh masjid raya baiturrahman,,Positif
Masjid Raya Baiturrahman,masya allah,,20/05/2026 13:07,2,TikTok,"['masya', 'allah']",masya allah,,Positif
Masjid Raya Baiturrahman,ijin save,,21/05/2026 18:47,0,TikTok,"['ijin', 'save']",ijin save,,Positif
Masjid Raya Baiturrahman,luas sekali masjidnya,,22/05/2026 08:21,0,TikTok,"['luas', 'sekali', 'masjid']",luas sekali masjid,,Positif
Masjid Raya Baiturrahman,udah lama banget ngak kesana semoga beutrok lom,,04/06/2026 20:42,0,TikTok,"['udah', 'lama', 'banget', 'ngak', 'kesana', 'moga', 'beutrok', 'lom']",udah lama banget ngak kesana moga beutrok lom,,Positif
Masjid Raya Baiturrahman,masya allah,,20/05/2026 21:46,0,TikTok,"['masya', 'allah']",masya allah,,Positif
Masjid Raya Baiturrahman,masyaallah,,22/05/2026 10:36,0,TikTok,['masyaallah'],masyaallah,,Positif
Masjid Raya Baiturrahman,luar biasa,,20/05/2026 22:11,0,TikTok,"['luar', 'biasa']",luar biasa,,Positif
Masjid Raya Baiturrahman,masyallah,,21/05/2026 09:24,0,TikTok,['masyallah'],masyallah,,Positif
Masjid Raya Baiturrahman,masya allah cantik sgt dh,,21/05/2026 11:45,0,TikTok,"['masya', 'allah', 'cantik', 'sgt', 'dh']",masya allah cantik sgt dh,,Positif
Masjid Raya Baiturrahman,masya alloh,,21/05/2026 11:29,0,TikTok,"['masya', 'alloh']",masya alloh,,Positif
Masjid Raya Baiturrahman,masya allah,,21/05/2026 18:54,0,TikTok,"['masya', 'allah']",masya allah,,Positif
Masjid Raya Baiturrahman,rindu suasananya,,21/05/2026 12:00,0,TikTok,"['rindu', 'suasana']",rindu suasana,,Positif
Masjid Raya Baiturrahman,dekat gan rumah kite masjid ni,,22/05/2026 08:52,0,TikTok,"['dekat', 'gan', 'rumah', 'kite', 'masjid', 'ni']",dekat gan rumah kite masjid ni,,Positif
Masjid Raya Baiturrahman,izin save video nya,,20/05/2026 21:05,0,TikTok,"['izin', 'save', 'video', 'nya']",izin save video nya,,Positif
Masjid Raya Baiturrahman,masya allah tabarakallah,,21/05/2026 19:33,0,TikTok,"['masya', 'allah', 'tabarakallah']",masya allah tabarakallah,,Positif
Masjid Raya Baiturrahman,masyaallah impianku dri kcil pengen sekali liat langsung dan shalat di mesjid ini tpi sampek skrg udh umur blum jga kesampaian pdhl sya asli aceh,,22/05/2026 11:14,0,TikTok,"['masyaallah', 'impi', 'dri', 'kcil', 'ken', 'sekali', 'liat', 'langsung', 'shalat', 'mesjid', 'tpi', 'sampek', 'skrg', 'udh', 'umur', 'blum', 'jga', 'sampai', 'pdhl', 'sya', 'asli', 'aceh']",masyaallah impi dri kcil ken sekali liat langsung shalat mesjid tpi sampek skrg udh umur blum jga sampai pdhl sya asli aceh,,Positif
Masjid Raya Baiturrahman,masyaallah aku pengen kali kesana kk,,22/05/2026 15:28,0,TikTok,"['masyaallah', 'aku', 'ken', 'kali', 'kesana', 'kk']",masyaallah aku ken kali kesana kk,,Positif
Masjid Raya Baiturrahman,masyaallah luar biasa,,20/05/2026 19:44,0,TikTok,"['masyaallah', 'luar', 'biasa']",masyaallah luar biasa,,Positif
Masjid Raya Baiturrahman,masyaallah ta barakallah,,19/05/2026 19:15,4,TikTok,"['masyaallah', 'ta', 'barakallah']",masyaallah ta barakallah,,Positif
Masjid Raya Baiturrahman,masya allah tabarakallah alhamdulillah,,03/06/2026 07:54,0,TikTok,"['masya', 'allah', 'tabarakallah', 'alhamdulillah']",masya allah tabarakallah alhamdulillah,,Positif
Masjid Raya Baiturrahman,masyaallah,,22/05/2026 17:10,0,TikTok,['masyaallah'],masyaallah,,Positif
Masjid Raya Baiturrahman,indah dan terasa amat agung masjid raya baiturrahman,,20/05/2026 19:26,1,TikTok,"['indah', 'asa', 'agung', 'masjid', 'raya', 'baiturrahman']",indah asa agung masjid raya baiturrahman,,Positif
Masjid Raya Baiturrahman,masya allah tabarakallah,,20/05/2026 11:15,2,TikTok,"['masya', 'allah', 'tabarakallah']",masya allah tabarakallah,,Positif
Masjid Raya Baiturrahman,maaasyaaaa aaallaaah megah tat lepah,,21/05/2026 17:17,0,TikTok,"['maaasyaaaa', 'aaallaaah', 'megah', 'tat', 'lepah']",maaasyaaaa aaallaaah megah tat lepah,,Positif
Masjid Raya Baiturrahman,jamaah full kah,,22/05/2026 10:42,0,TikTok,"['jamaah', 'full']",jamaah full,,Positif
Masjid Raya Baiturrahman,ya allah rindu ingin ke masjid baiturrahman dulu sering sholat jum at di masjid baiturrahman insyaallah tahun depan bawak anak sholat di sini,,25/05/2026 23:37,1,TikTok,"['allah', 'rindu', 'masjid', 'baiturrahman', 'dulu', 'sering', 'sholat', 'jum', 'at', 'masjid', 'baiturrahman', 'insyaallah', 'tahun', 'depan', 'bawak', 'anak', 'sholat', 'sini']",allah rindu masjid baiturrahman dulu sering sholat jum at masjid baiturrahman insyaallah tahun depan bawak anak sholat sini,,Positif
Masjid Raya Baiturrahman,serumit rumitnya pemikiran di kepala tapi bila sudah berada di dalam masjid ini semua terasa plong dan adem masjid kebanggaan dan penuh keberkahan,,22/05/2026 16:18,0,TikTok,"['rumit', 'rumit', 'pikir', 'kepala', 'bila', 'ada', 'masjid', 'semua', 'asa', 'plong', 'adem', 'masjid', 'bangga', 'penuh', 'berkah']",rumit rumit pikir kepala bila ada masjid semua asa plong adem masjid bangga penuh berkah,,Positif
Masjid Raya Baiturrahman,ma syaa allah subhanallah indah dan luas nya mesjid banda aceh saya blm prnh masuk ke dalam krn dr udh ke batam thn pulang prgi melaboh balek dr melaboh smpai mesjid udh jam mlm jd hanya di payung itu aja masuk nya,,21/05/2026 20:03,0,TikTok,"['ma', 'syaa', 'allah', 'subhanallah', 'indah', 'luas', 'nya', 'mesjid', 'banda', 'aceh', 'blm', 'prnh', 'masuk', 'krn', 'dr', 'udh', 'batam', 'thn', 'pulang', 'prgi', 'melaboh', 'balek', 'dr', 'melaboh', 'smpai', 'mesjid', 'udh', 'jam', 'mlm', 'jd', 'payung', 'aja', 'masuk', 'nya']",ma syaa allah subhanallah indah luas nya mesjid banda aceh blm prnh masuk krn dr udh batam thn pulang prgi melaboh balek dr melaboh smpai mesjid udh jam mlm jd payung aja masuk nya,,Positif
Masjid Raya Baiturrahman,indah nya di dlm masjid dan luas lg sejuk ht memandang,,21/05/2026 12:07,1,TikTok,"['indah', 'nya', 'dlm', 'masjid', 'luas', 'lg', 'sejuk', 'ht', 'pandang']",indah nya dlm masjid luas lg sejuk ht pandang,,Positif
Masjid Raya Baiturrahman,rindu nak balik kampung nak pergi kemesjid ini,,21/05/2026 09:30,0,TikTok,"['rindu', 'nak', 'balik', 'kampung', 'nak', 'pergi', 'mesjid']",rindu nak balik kampung nak pergi mesjid,,Positif
Masjid Raya Baiturrahman,masyaallah,,01/06/2026 21:16,0,TikTok,['masyaallah'],masyaallah,,Positif
Masjid Raya Baiturrahman,masha allah keren parah smpe tembus ke dalam,,24/05/2026 15:51,0,TikTok,"['masha', 'allah', 'keren', 'parah', 'smpe', 'tembus']",masha allah keren parah smpe tembus,,Positif
Masjid Raya Baiturrahman,masyaallah tabarakallah,,22/05/2026 00:34,0,TikTok,"['masyaallah', 'tabarakallah']",masyaallah tabarakallah,,Positif
Masjid Raya Baiturrahman,ijin download video ya min,,21/05/2026 23:18,0,TikTok,"['ijin', 'download', 'video', 'min']",ijin download video min,,Positif
Masjid Raya Baiturrahman,semoga lebaran ini bisa ke tempat yg mulia ini,,21/05/2026 22:46,0,TikTok,"['moga', 'lebaran', 'tempat', 'yg', 'mulia']",moga lebaran tempat yg mulia,,Positif
Masjid Raya Baiturrahman,ijin saya post ulang,,20/05/2026 12:51,2,TikTok,"['ijin', 'post', 'ulang']",ijin post ulang,,Positif
Masjid Raya Baiturrahman,macam pernah ku lihat masjid seperti ini nama seperti ini tapi masjid itu kecik ini masjid besar mana ya,,21/05/2026 23:23,0,TikTok,"['macam', 'pernah', 'ku', 'lihat', 'masjid', 'nama', 'masjid', 'kecik', 'masjid', 'besar', 'mana']",macam pernah ku lihat masjid nama masjid kecik masjid besar mana,,Positif
Masjid Raya Baiturrahman,ini bukn nya mesjit raya baiturrahman banda aceh,,26/05/2026 11:17,1,TikTok,"['bukn', 'nya', 'mesjit', 'raya', 'baiturrahman', 'banda', 'aceh']",bukn nya mesjit raya baiturrahman banda aceh,,Positif
Masjid Raya Baiturrahman,sticker,,26/05/2026 08:26,0,TikTok,['sticker'],sticker,,Positif
Masjid Raya Baiturrahman,masyaallah main dron dalam masjid salam dari banda aceh,,22/05/2026 12:08,0,TikTok,"['masyaallah', 'main', 'dron', 'masjid', 'salam', 'banda', 'aceh']",masyaallah main dron masjid salam banda aceh,,Positif
Museum Tsunami Aceh,masjid rahmatullah berdiri kokoh di pesisir pantai lampuuk sementara bangunan lain hancur porak poranda merinding bacanya,,09/07/2025 16:03,271,TikTok,"['masjid', 'rahmatullah', 'diri', 'kokoh', 'pesisir', 'pantai', 'lampuuk', 'bangun', 'hancur', 'porak', 'poranda', 'merinding', 'baca']",masjid rahmatullah diri kokoh pesisir pantai lampuuk bangun hancur porak poranda merinding baca,,Positif
Museum Tsunami Aceh,stunami,,17/06/2025 22:27,38,TikTok,['stunami'],stunami,,Positif
Museum Tsunami Aceh,pengibaran bendera setengah tiang,,03/08/2025 13:25,1,TikTok,"['kibar', 'bendera', 'tengah', 'tiang']",kibar bendera tengah tiang,,Positif
Museum Tsunami Aceh,tsunami ka bukan stunami,,08/08/2025 10:05,2,TikTok,"['tsunami', 'ka', 'bukan', 'stunami']",tsunami ka bukan stunami,,Positif
Museum Tsunami Aceh,blm lahir,,30/07/2025 20:55,3,TikTok,"['blm', 'lahir']",blm lahir,,Positif
Museum Tsunami Aceh,kemaren habis ke museum ke kapal terapung kakk,,07/04/2026 20:59,0,TikTok,"['kemaren', 'habis', 'museum', 'kapal', 'apung', 'kakk']",kemaren habis museum kapal apung kakk,,Positif
Museum Tsunami Aceh,saudara ayah ku banyak yang kena dampak tsunami aceh banyak yang meninggal dan jasad nya gak ada di temukan sampai sekarang kisah kelam tsunami aceh,,22/07/2025 07:57,57,TikTok,"['saudara', 'ayah', 'ku', 'banyak', 'kena', 'dampak', 'tsunami', 'aceh', 'banyak', 'tinggal', 'jasad', 'nya', 'gak', 'temu', 'sekarang', 'kisah', 'kelam', 'tsunami', 'aceh']",saudara ayah ku banyak kena dampak tsunami aceh banyak tinggal jasad nya gak temu sekarang kisah kelam tsunami aceh,,Positif
Museum Tsunami Aceh,folloback,,29/05/2025 01:55,2,TikTok,['folloback'],folloback,,Positif
Museum Tsunami Aceh,ikut nyesek padahl bukan orang aceh,,08/08/2025 01:40,10,TikTok,"['ikut', 'nyesek', 'padahl', 'bukan', 'orang', 'aceh']",ikut nyesek padahl bukan orang aceh,,Positif
Museum Tsunami Aceh,aceh bangkit tidak sendiri,,05/08/2025 11:53,1,TikTok,"['aceh', 'bangkit', 'sendiri']",aceh bangkit sendiri,,Positif
Museum Tsunami Aceh,day salah nulis,,02/08/2025 12:29,2,TikTok,"['day', 'salah', 'nulis']",day salah nulis,,Positif
Museum Tsunami Aceh,stunami,,12/08/2025 08:18,1,TikTok,['stunami'],stunami,,Positif
Museum Tsunami Aceh,enak yang pernah masuk ke museumnya,,19/07/2025 17:26,1,TikTok,"['enak', 'pernah', 'masuk', 'museum']",enak pernah masuk museum,,Positif
Museum Tsunami Aceh,pas pas lgi mkn mie aceh,,24/07/2025 21:03,0,TikTok,"['pas', 'pas', 'lgi', 'mkn', 'mie', 'aceh']",pas pas lgi mkn mie aceh,,Positif
Museum Tsunami Aceh,desember yaallah dan bulan ini desemner terjadi tapi bukan tsunami pray for aceh sumatera utara sumatera barat,,07/12/2025 20:42,1,TikTok,"['desember', 'yaallah', 'bulan', 'desemner', 'jadi', 'bukan', 'tsunami', 'pray', 'for', 'aceh', 'sumatera', 'utara', 'sumatera', 'barat']",desember yaallah bulan desemner jadi bukan tsunami pray for aceh sumatera utara sumatera barat,,Positif
Museum Tsunami Aceh,nama kakek nenek gw di situ,,27/07/2025 07:52,5,TikTok,"['nama', 'kakek', 'nenek', 'gw', 'situ']",nama kakek nenek gw situ,,Positif
Museum Tsunami Aceh,gara berita tsunami aceh yg dulu muncul lagi di beranda semalem mimpi kena tsunami visualnya juelassss bangetttt warnanya dll sambil teriak waduhh mati ini maaa paa aku liat ke arah atas posisiku paling bawah atasnya papa atasnya lagi mama astaghfirullah yaallah bismillah bilang bismillah karena takut gimana rasanya kelelep dan di dalem mimpi ngerasa kayak yaampun sia aku hidup ujungnya matii akhirat lebih penting daripada dunia,,09/08/2025 06:11,2,TikTok,"['gara', 'berita', 'tsunami', 'aceh', 'yg', 'dulu', 'muncul', 'beranda', 'semalem', 'mimpi', 'kena', 'tsunami', 'visual', 'juelassss', 'bangetttt', 'warna', 'teriak', 'waduhh', 'mati', 'maaa', 'paa', 'aku', 'liat', 'arah', 'atas', 'posisi', 'paling', 'bawah', 'atas', 'papa', 'atas', 'mama', 'astaghfirullah', 'yaallah', 'bismillah', 'bilang', 'bismillah', 'takut', 'gimana', 'rasa', 'lelep', 'dalem', 'mimpi', 'ngerasa', 'kayak', 'yaampun', 'sia', 'aku', 'hidup', 'ujung', 'mati', 'akhirat', 'lebih', 'penting', 'dunia']",gara berita tsunami aceh yg dulu muncul beranda semalem mimpi kena tsunami visual juelassss bangetttt warna teriak waduhh mati maaa paa aku liat arah atas posisi paling bawah atas papa atas mama astaghfirullah yaallah bismillah bilang bismillah takut gimana rasa lelep dalem mimpi ngerasa kayak yaampun sia aku hidup ujung mati akhirat lebih penting dunia,,Positif
Museum Tsunami Aceh,gw bikin infografis buat tugas semester juli tahun lalu tentang mitigasi gempa dan tsunami sampe hari ini masih terpajang di kamar dengan terdapat kalimat bila gempa berpotensi tszunami iya tzsunami,,14/06/2025 15:34,5,TikTok,"['gw', 'bikin', 'infografis', 'buat', 'tugas', 'semester', 'juli', 'tahun', 'lalu', 'mitigasi', 'gempa', 'tsunami', 'sampe', 'hari', 'pajang', 'kamar', 'dapat', 'kalimat', 'bila', 'gempa', 'potensi', 'tszunami', 'iya', 'tzsunami']",gw bikin infografis buat tugas semester juli tahun lalu mitigasi gempa tsunami sampe hari pajang kamar dapat kalimat bila gempa potensi tszunami iya tzsunami,,Positif
Museum Tsunami Aceh,kangen aceh tmpt kelahiran aku pengen ke museum itu lagi kangennn bngettt udh sudah thun ga ke aceh,,02/08/2025 18:36,0,TikTok,"['kangen', 'aceh', 'tmpt', 'lahir', 'aku', 'ken', 'museum', 'kangennn', 'bngettt', 'udh', 'thun', 'ga', 'aceh']",kangen aceh tmpt lahir aku ken museum kangennn bngettt udh thun ga aceh,,Positif
Museum Tsunami Aceh,di nomor ada masjid aceh utuh,,11/08/2025 16:35,0,TikTok,"['nomor', 'masjid', 'aceh', 'utuh']",nomor masjid aceh utuh,,Positif
Museum Tsunami Aceh,izin share,,04/08/2025 08:53,0,TikTok,"['izin', 'share']",izin share,,Positif
Museum Tsunami Aceh,aku thn kena ombak tsunami,,04/08/2025 00:29,0,TikTok,"['aku', 'thn', 'kena', 'ombak', 'tsunami']",aku thn kena ombak tsunami,,Positif
Museum Tsunami Aceh,kakak nya ayahku pernah ngalamin tsunami ini alhamdulillah kakak nya ayahku selamat semua keluarga nya,,18/08/2025 13:37,0,TikTok,"['kakak', 'nya', 'ayah', 'pernah', 'ngalamin', 'tsunami', 'alhamdulillah', 'kakak', 'nya', 'ayah', 'selamat', 'semua', 'keluarga', 'nya']",kakak nya ayah pernah ngalamin tsunami alhamdulillah kakak nya ayah selamat semua keluarga nya,,Positif
Museum Tsunami Aceh,ada namaku liza ngga kebayang sebanyak itu jasad yang sudah terendam,,13/09/2025 13:27,0,TikTok,"['nama', 'liza', 'ngga', 'bayang', 'banyak', 'jasad', 'rendam']",nama liza ngga bayang banyak jasad rendam,,Positif
Museum Tsunami Aceh,salpok ama foto ke ada nama agusyanto,,10/04/2026 15:50,0,TikTok,"['salpok', 'ama', 'foto', 'nama', 'agusyanto']",salpok ama foto nama agusyanto,,Positif
Museum Tsunami Aceh,tgl kejadian nya mirip pas aku lahir,,24/07/2025 10:29,0,TikTok,"['tgl', 'jadi', 'nya', 'mirip', 'pas', 'aku', 'lahir']",tgl jadi nya mirip pas aku lahir,,Positif
Museum Tsunami Aceh,tsunami kak bkn stunami,,21/08/2025 23:20,0,TikTok,"['tsunami', 'kak', 'bkn', 'stunami']",tsunami kak bkn stunami,,Positif
Museum Tsunami Aceh,plis kangen kakek,,31/07/2025 09:34,0,TikTok,"['plis', 'kangen', 'kakek']",plis kangen kakek,,Positif
Museum Tsunami Aceh,kangen banget sama om aku dan sepupu akuu,,02/08/2025 13:21,0,TikTok,"['kangen', 'banget', 'sama', 'om', 'aku', 'sepupu', 'akuu']",kangen banget sama om aku sepupu akuu,,Positif
Museum Tsunami Aceh,emang se kangen itu sampe mengingat kembali,,07/08/2025 20:20,1,TikTok,"['emang', 'se', 'kangen', 'sampe', 'ingat']",emang se kangen sampe ingat,,Positif
Museum Tsunami Aceh,aku juga udh kesana sedih ketika aku membaca kisah nya,,22/08/2025 17:00,0,TikTok,"['aku', 'udh', 'kesana', 'sedih', 'aku', 'baca', 'kisah', 'nya']",aku udh kesana sedih aku baca kisah nya,,Positif
Museum Tsunami Aceh,kalau balik aceh jangan lupe agak farhan ke setu,,20/07/2025 10:59,0,TikTok,"['kalau', 'balik', 'aceh', 'jangan', 'lupe', 'farhan', 'setu']",kalau balik aceh jangan lupe farhan setu,,Positif
Museum Tsunami Aceh,bukan stunami tapi tsunami,,09/08/2025 07:48,1,TikTok,"['bukan', 'stunami', 'tsunami']",bukan stunami tsunami,,Positif
Museum Tsunami Aceh,dan netizen indonesia bilang malaysia gak pernah ngebantu mereka,,22/08/2025 12:41,0,TikTok,"['netizen', 'indonesia', 'bilang', 'malaysia', 'gak', 'pernah', 'ngebantu']",netizen indonesia bilang malaysia gak pernah ngebantu,,Positif
Museum Tsunami Aceh,tsunami kak bukan stunami,,07/08/2025 07:51,0,TikTok,"['tsunami', 'kak', 'bukan', 'stunami']",tsunami kak bukan stunami,,Positif
Museum PLTD Apung,dan kata warga aceh dibawah kapal itu masih banyak jenzh yg masih blm di evakuasi,,27/12/2024 18:17,333,TikTok,"['kata', 'warga', 'aceh', 'bawah', 'kapal', 'banyak', 'jenzh', 'yg', 'blm', 'evakuasi']",kata warga aceh bawah kapal banyak jenzh yg blm evakuasi,,Positif
Museum PLTD Apung,kapal seberat dan sebesar itu bisa keseret ombak sunami tp rumah cut putri tetap berdiri kokoh sehingga dia bisa merekam bencana dahsyat itu sungguh luar biasa,,28/12/2024 20:39,214,TikTok,"['kapal', 'berat', 'besar', 'seret', 'ombak', 'sunam', 'tp', 'rumah', 'cut', 'putri', 'tetap', 'diri', 'kokoh', 'rekam', 'bencana', 'dahsyat', 'sungguh', 'luar', 'biasa']",kapal berat besar seret ombak sunam tp rumah cut putri tetap diri kokoh rekam bencana dahsyat sungguh luar biasa,,Positif
Museum PLTD Apung,aku pernah ke sana sering kata warga aceh dibawah kapal itu masih banyak jenzh,,13/01/2026 20:59,0,TikTok,"['aku', 'pernah', 'sana', 'sering', 'kata', 'warga', 'aceh', 'bawah', 'kapal', 'banyak', 'jenzh']",aku pernah sana sering kata warga aceh bawah kapal banyak jenzh,,Positif
Museum PLTD Apung,berarti paska stunami aliran listrik di banda aceh sempat berhenti ber hari ya,,27/12/2024 17:56,37,TikTok,"['arti', 'paska', 'stunami', 'alir', 'listrik', 'banda', 'aceh', 'sempat', 'henti', 'ber', 'hari']",arti paska stunami alir listrik banda aceh sempat henti ber hari,,Positif
Museum PLTD Apung,mgkin saja org yg sebagian hilang ada di bawah kapal apung ini,,27/12/2024 19:47,95,TikTok,"['mgkin', 'org', 'yg', 'bagi', 'hilang', 'bawah', 'kapal', 'apung']",mgkin org yg bagi hilang bawah kapal apung,,Positif
Museum PLTD Apung,takutnya msh ada korban yg ad di bwh kapal tsb,,27/12/2024 23:33,30,TikTok,"['takut', 'msh', 'korban', 'yg', 'ad', 'bwh', 'kapal', 'tsb']",takut msh korban yg ad bwh kapal tsb,,Positif
Museum PLTD Apung,udah pernah masuk,,03/05/2026 17:18,0,TikTok,"['udah', 'pernah', 'masuk']",udah pernah masuk,,Positif
Museum PLTD Apung,udh pernah naik ke kapal itu thn lalu dan agak merinding dikit pas d sana,,27/12/2024 17:05,2,TikTok,"['udh', 'pernah', 'naik', 'kapal', 'thn', 'lalu', 'merinding', 'dikit', 'pas', 'd', 'sana']",udh pernah naik kapal thn lalu merinding dikit pas d sana,,Positif
Museum PLTD Apung,merinding naek ke kapal ini,,27/12/2024 19:53,16,TikTok,"['merinding', 'naek', 'kapal']",merinding naek kapal,,Positif
Museum PLTD Apung,sudah pernah masuk tapi jujur dalamnya panas bnget hrusnya dikasih ac duduk atau alat pndingin lainya buat aku yg bukan asli dari aceh kulit terasa kebakar,,27/12/2024 16:54,11,TikTok,"['pernah', 'masuk', 'jujur', 'dalam', 'panas', 'bnget', 'hrusnya', 'kasih', 'ac', 'duduk', 'alat', 'pndingin', 'lai', 'buat', 'aku', 'yg', 'bukan', 'asli', 'aceh', 'kulit', 'asa', 'bakar']",pernah masuk jujur dalam panas bnget hrusnya kasih ac duduk alat pndingin lai buat aku yg bukan asli aceh kulit asa bakar,,Positif
Museum PLTD Apung,memang besar kuasan allah,,27/12/2024 21:09,1,TikTok,"['memang', 'besar', 'kuas', 'allah']",memang besar kuas allah,,Positif
Museum PLTD Apung,aku pernah ke sini terus pas naik aku merinding sama tiba tiba bawaanya sedih sama mau nangis dan gak nyaman bgt di dalem kapal jadi gak berani lama lama di atas,,28/12/2024 02:51,11,TikTok,"['aku', 'pernah', 'sini', 'terus', 'pas', 'naik', 'aku', 'merinding', 'sama', 'tiba', 'tiba', 'bawaanya', 'sedih', 'sama', 'mau', 'nang', 'gak', 'nyaman', 'bgt', 'dalem', 'kapal', 'jadi', 'gak', 'berani', 'lama', 'lama', 'atas']",aku pernah sini terus pas naik aku merinding sama tiba tiba bawaanya sedih sama mau nang gak nyaman bgt dalem kapal jadi gak berani lama lama atas,,Positif
Museum PLTD Apung,maha kuasa allah,,27/12/2024 16:15,0,TikTok,"['maha', 'kuasa', 'allah']",maha kuasa allah,,Positif
Museum PLTD Apung,jadiin duet,,15/11/2025 14:45,0,TikTok,"['jadiin', 'duet']",jadiin duet,,Positif
Museum PLTD Apung,udh masuk sya ke situ bayar masuk nya,,08/11/2025 21:01,0,TikTok,"['udh', 'masuk', 'sya', 'situ', 'bayar', 'masuk', 'nya']",udh masuk sya situ bayar masuk nya,,Positif
Museum PLTD Apung,sebelum ribuan,,27/12/2024 13:57,1,TikTok,['ribu'],ribu,,Positif
Museum PLTD Apung,kpn bisa k aceh,,29/12/2024 07:34,0,TikTok,"['kpn', 'k', 'aceh']",kpn k aceh,,Positif
Museum PLTD Apung,itu klw ngak salah masih ada mayat di bawah kapal nya,,29/12/2024 17:34,0,TikTok,"['klw', 'ngak', 'salah', 'mayat', 'bawah', 'kapal', 'nya']",klw ngak salah mayat bawah kapal nya,,Positif
Museum PLTD Apung,kebayang ada mayat gak di bawah kapal nya,,29/12/2024 16:11,0,TikTok,"['bayang', 'mayat', 'gak', 'bawah', 'kapal', 'nya']",bayang mayat gak bawah kapal nya,,Positif
Museum PLTD Apung,ip o,,06/01/2025 13:04,0,TikTok,"['ip', 'o']",ip o,,Positif
Museum PLTD Apung,mudah an tuhan mengijinkan aq bisa datang kesini,,30/12/2024 11:40,0,TikTok,"['mudah', 'an', 'tuhan', 'mengijinkan', 'aq', 'datang', 'kesini']",mudah an tuhan mengijinkan aq datang kesini,,Positif
Museum PLTD Apung,aku dari makassar tahun pernah ke sini sekeluarga ke kapal kayu yang diatas rumah juga kebayang gimana kuatnya gelombang tsunami,,29/12/2024 20:52,0,TikTok,"['aku', 'makassar', 'tahun', 'pernah', 'sini', 'keluarga', 'kapal', 'kayu', 'atas', 'rumah', 'bayang', 'gimana', 'kuat', 'gelombang', 'tsunami']",aku makassar tahun pernah sini keluarga kapal kayu atas rumah bayang gimana kuat gelombang tsunami,,Positif
Museum PLTD Apung,sy sdh lihat dan naik ke atas kapal nya,,06/02/2025 12:32,0,TikTok,"['sy', 'sdh', 'lihat', 'naik', 'atas', 'kapal', 'nya']",sy sdh lihat naik atas kapal nya,,Positif
Museum PLTD Apung,waktu kecil pernah kesini setahun setelah kejadian tsunami bau nya kenceng banget padahal dari dalem mobil dan kaca di tutup semua,,01/01/2025 13:07,0,TikTok,"['waktu', 'kecil', 'pernah', 'kesini', 'tahun', 'jadi', 'tsunami', 'bau', 'nya', 'kenceng', 'banget', 'padahal', 'dalem', 'mobil', 'kaca', 'tutup', 'semua']",waktu kecil pernah kesini tahun jadi tsunami bau nya kenceng banget padahal dalem mobil kaca tutup semua,,Positif
Museum PLTD Apung,kami pernah di situ,,27/05/2026 11:44,0,TikTok,"['pernah', 'situ']",pernah situ,,Positif
Museum PLTD Apung,udah aku masuk ke dalam kapal itu,,17/01/2025 11:06,0,TikTok,"['udah', 'aku', 'masuk', 'kapal']",udah aku masuk kapal,,Positif
Museum PLTD Apung,aku yakin di gwah kapal ini bner ak korban jwa yg tertidih,,30/12/2024 16:47,0,TikTok,"['aku', 'yakin', 'gwah', 'kapal', 'bner', 'ak', 'korban', 'jwa', 'yg', 'tertidih']",aku yakin gwah kapal bner ak korban jwa yg tertidih,,Positif
Museum PLTD Apung,alhamdulillah saya dari pasaman udah pernah kesini thn,,27/12/2024 16:22,0,TikTok,"['alhamdulillah', 'pasaman', 'udah', 'pernah', 'kesini', 'thn']",alhamdulillah pasaman udah pernah kesini thn,,Positif
Museum PLTD Apung,alhamdulillah saya dari bekasi saya sudah kesini naik dikapal ini,,27/12/2024 14:08,1,TikTok,"['alhamdulillah', 'bekas', 'kesini', 'naik', 'kapal']",alhamdulillah bekas kesini naik kapal,,Positif
Museum PLTD Apung,itu di punge blang banda aceh,,28/12/2024 11:27,1,TikTok,"['punge', 'blang', 'banda', 'aceh']",punge blang banda aceh,,Positif
Museum PLTD Apung,allahhuakbar,,27/12/2024 17:49,0,TikTok,['allahhuakbar'],allahhuakbar,,Positif
Museum PLTD Apung,dahsyat ny kuasa allah ap sih yg tdk bagi allah,,28/12/2024 21:23,0,TikTok,"['dahsyat', 'ny', 'kuasa', 'allah', 'ap', 'sih', 'yg', 'tdk', 'allah']",dahsyat ny kuasa allah ap sih yg tdk allah,,Positif
Museum PLTD Apung,orang yg ada di dalam kapal ini pd kemana pada saat kejadian,,28/12/2024 10:19,0,TikTok,"['orang', 'yg', 'kapal', 'pd', 'jadi']",orang yg kapal pd jadi,,Positif
Museum PLTD Apung,saya sudah sampai kedalam cuman tak sampai keatas nyesel tak sampai keatas semoga besok bisa kesana lagi,,29/12/2024 00:11,1,TikTok,"['dalam', 'cuman', 'tak', 'atas', 'nyesel', 'tak', 'atas', 'moga', 'besok', 'kesana']",dalam cuman tak atas nyesel tak atas moga besok kesana,,Positif
Museum PLTD Apung,aq gk tega naik kapal gk kebayang pasti ada mayat di bawah kapal itu,,28/12/2024 09:13,0,TikTok,"['aq', 'gk', 'tega', 'naik', 'kapal', 'gk', 'bayang', 'mayat', 'bawah', 'kapal']",aq gk tega naik kapal gk bayang mayat bawah kapal,,Positif
Museum PLTD Apung,allah maha berkuasa,,27/12/2024 20:08,0,TikTok,"['allah', 'maha', 'kuasa']",allah maha kuasa,,Positif
Museum PLTD Apung,terseret km bukan km,,27/12/2024 21:52,0,TikTok,"['seret', 'km', 'bukan', 'km']",seret km bukan km,,Positif
Museum PLTD Apung,dulu perna naik kapal ini saat main main ke aceh masyallah kebayang betapa besar dan tinggi nya kapa ini,,27/12/2024 22:01,0,TikTok,"['dulu', 'perna', 'naik', 'kapal', 'main', 'main', 'aceh', 'masyallah', 'bayang', 'betapa', 'besar', 'tinggi', 'nya', 'kapa']",dulu perna naik kapal main main aceh masyallah bayang betapa besar tinggi nya kapa,,Positif
Museum PLTD Apung,klou dulu kesana bisa sakit seperti kesurupan,,27/12/2024 20:16,0,TikTok,"['klou', 'dulu', 'kesana', 'sakit', 'surup']",klou dulu kesana sakit surup,,Positif
Museum PLTD Apung,aku udah pergi sayang banget,,17/05/2026 13:31,0,TikTok,"['aku', 'udah', 'pergi', 'sayang', 'banget']",aku udah pergi sayang banget,,Positif
Museum PLTD Apung,serius nanya pas kapal ini terdampar dlm nya ada manusia nya ga ya,,04/05/2026 11:54,0,TikTok,"['serius', 'nanya', 'pas', 'kapal', 'dampar', 'dlm', 'nya', 'manusia', 'nya', 'ga']",serius nanya pas kapal dampar dlm nya manusia nya ga,,Positif
Museum PLTD Apung,alhamdulillah saya sudah naik ke kapal ini,,28/12/2024 16:25,0,TikTok,"['alhamdulillah', 'naik', 'kapal']",alhamdulillah naik kapal,,Positif
Museum PLTD Apung,aku perna ke sama bg,,29/12/2024 01:00,0,TikTok,"['aku', 'perna', 'sama', 'bg']",aku perna sama bg,,Positif
Pantai Ulee Lheue,sticker,,22/02/2026 08:57,2,TikTok,['sticker'],sticker,,Positif
Pantai Ulee Lheue,kota kelahiran ku,,13/02/2026 15:47,2,TikTok,"['kota', 'lahir', 'ku']",kota lahir ku,,Positif
Pantai Ulee Lheue,masyaallah semua keren,,23/02/2026 22:41,2,TikTok,"['masyaallah', 'semua', 'keren']",masyaallah semua keren,,Positif
Pantai Ulee Lheue,cantik,,14/03/2026 00:31,3,TikTok,['cantik'],cantik,,Positif
Pantai Ulee Lheue,hnya ini pantai yg terletak di bnda aceh,,11/02/2026 11:09,8,TikTok,"['hnya', 'pantai', 'yg', 'letak', 'bnda', 'aceh']",hnya pantai yg letak bnda aceh,,Positif
Pantai Ulee Lheue,luarbiasa pemandangan,,12/02/2026 22:39,3,TikTok,"['luarbiasa', 'pandang']",luarbiasa pandang,,Positif
Pantai Ulee Lheue,bereh,,15/03/2026 14:10,2,TikTok,['bereh'],bereh,,Positif
Pantai Ulee Lheue,pantai yang indah,,18/02/2026 17:19,3,TikTok,"['pantai', 'indah']",pantai indah,,Positif
Pantai Ulee Lheue,nama tarmizi di aceh bismilahirahmanirah alham dulilah amin,,03/03/2026 11:41,3,TikTok,"['nama', 'tarmizi', 'aceh', 'bismilahirahmanirah', 'alham', 'duli', 'amin']",nama tarmizi aceh bismilahirahmanirah alham duli amin,,Positif
Pantai Ulee Lheue,mantepppppp,,22/02/2026 23:14,3,TikTok,['mantepppppp'],mantepppppp,,Positif
Pantai Ulee Lheue,indah nyaa,,24/02/2026 05:18,2,TikTok,"['indah', 'nyaa']",indah nyaa,,Positif
Pantai Ulee Lheue,keren,,06/03/2026 14:39,2,TikTok,['keren'],keren,,Positif
Pantai Ulee Lheue,masya allah cntik nya,,13/02/2026 08:15,2,TikTok,"['masya', 'allah', 'cntik', 'nya']",masya allah cntik nya,,Positif
Pantai Ulee Lheue,asalamualaikum keren,,17/03/2026 14:43,1,TikTok,"['asalamualaikum', 'keren']",asalamualaikum keren,,Positif
Pantai Ulee Lheue,dimna,,13/02/2026 01:03,2,TikTok,['dimna'],dimna,,Positif
Pantai Ulee Lheue,luas sekali pantainya,,28/04/2026 20:54,1,TikTok,"['luas', 'sekali', 'pantai']",luas sekali pantai,,Positif
Pantai Ulee Lheue,indahnya pantai ule le banda aceh,,27/03/2026 20:21,1,TikTok,"['indah', 'pantai', 'ule', 'le', 'banda', 'aceh']",indah pantai ule le banda aceh,,Positif
Pantai Ulee Lheue,asalamualaikum wow keren banget pemandangan nya mas di mana itu maaf mas,,16/02/2026 19:02,3,TikTok,"['asalamualaikum', 'wow', 'keren', 'banget', 'pandang', 'nya', 'mas', 'mana', 'maaf', 'mas']",asalamualaikum wow keren banget pandang nya mas mana maaf mas,,Positif
Pantai Ulee Lheue,pantai ini ada pemandian khusus anak anak kecil juga,,06/03/2026 20:43,2,TikTok,"['pantai', 'mandi', 'khusus', 'anak', 'anak', 'kecil']",pantai mandi khusus anak anak kecil,,Positif
Pantai Ulee Lheue,mantap dan keren pemandangannya,,13/02/2026 09:30,3,TikTok,"['mantap', 'keren', 'pandang']",mantap keren pandang,,Positif
Pantai Ulee Lheue,dulu sebelum tsunami kawasan ini sangat dalam air nya skrg malah sdh jd pantai,,27/02/2026 21:26,2,TikTok,"['dulu', 'tsunami', 'kawasan', 'sangat', 'air', 'nya', 'skrg', 'malah', 'sdh', 'jd', 'pantai']",dulu tsunami kawasan sangat air nya skrg malah sdh jd pantai,,Positif
Pantai Ulee Lheue,bahaya mandi di situ,,15/02/2026 19:21,2,TikTok,"['bahaya', 'mandi', 'situ']",bahaya mandi situ,,Positif
Pantai Ulee Lheue,wow indah nian,,18/03/2026 17:59,2,TikTok,"['wow', 'indah', 'nian']",wow indah nian,,Positif
Pantai Ulee Lheue,rindu mau kesana,,13/03/2026 09:21,2,TikTok,"['rindu', 'mau', 'kesana']",rindu mau kesana,,Positif
Pantai Ulee Lheue,cantik that pemandangan gk bosan memandang,,15/02/2026 00:04,2,TikTok,"['cantik', 'that', 'pandang', 'gk', 'bosan', 'pandang']",cantik that pandang gk bosan pandang,,Positif
Pantai Ulee Lheue,aamiin ya allah aaminn ya rabbal alamin bismillahirrahnirrahim alhamdulillah aaminn,,13/02/2026 13:56,2,TikTok,"['aamiin', 'allah', 'aaminn', 'rabbal', 'alamin', 'bismillahirrahnirrahim', 'alhamdulillah', 'aaminn']",aamiin allah aaminn rabbal alamin bismillahirrahnirrahim alhamdulillah aaminn,,Positif
Pantai Ulee Lheue,asalamualaikum terimakasih ya hadirnya selamat malem,,16/03/2026 20:00,1,TikTok,"['asalamualaikum', 'terimakasih', 'hadir', 'selamat', 'malem']",asalamualaikum terimakasih hadir selamat malem,,Positif
Pantai Ulee Lheue,oh di banda aceh tapi syg ya sangat jauh sekali ya cukup lihat di postingan ajah deh,,15/03/2026 15:30,1,TikTok,"['banda', 'aceh', 'syg', 'sangat', 'jauh', 'sekali', 'cukup', 'lihat', 'postingan', 'ajah', 'deh']",banda aceh syg sangat jauh sekali cukup lihat postingan ajah deh,,Positif
Pantai Ulee Lheue,diujung sana itulah spot mancing favoritku,,10/02/2026 21:08,2,TikTok,"['ujung', 'sana', 'spot', 'mancing', 'favorit']",ujung sana spot mancing favorit,,Positif
Pantai Ulee Lheue,ma syaa allah nangroe aceh darussalam memang sangat indah maha besar allah dengan segala ciptaan nya gak bosan walaupun berulang kali diputar,,17/02/2026 01:19,2,TikTok,"['ma', 'syaa', 'allah', 'nangroe', 'aceh', 'darussalam', 'memang', 'sangat', 'indah', 'maha', 'besar', 'allah', 'segala', 'cipta', 'nya', 'gak', 'bosan', 'walaupun', 'ulang', 'kali', 'putar']",ma syaa allah nangroe aceh darussalam memang sangat indah maha besar allah segala cipta nya gak bosan walaupun ulang kali putar,,Positif
Pantai Ulee Lheue,keren aceh q,,11/02/2026 10:01,2,TikTok,"['keren', 'aceh', 'q']",keren aceh q,,Positif
Pantai Ulee Lheue,tenang banget air nya ada buay gak ya,,12/02/2026 12:16,2,TikTok,"['tenang', 'banget', 'air', 'nya', 'buay', 'gak']",tenang banget air nya buay gak,,Positif
Pantai Ulee Lheue,ini diblakang rumah ku,,11/02/2026 14:28,3,TikTok,"['diblakang', 'rumah', 'ku']",diblakang rumah ku,,Positif
Pantai Ulee Lheue,tiap sore kesitu ngopi,,11/02/2026 07:28,3,TikTok,"['tiap', 'sore', 'kesitu', 'ngopi']",tiap sore kesitu ngopi,,Positif
Pantai Ulee Lheue,ini pantai yg sebelah mana ya soalnya kalo pantai yg biasa di datangin org kan udh dimakan laut,,15/02/2026 14:29,3,TikTok,"['pantai', 'yg', 'belah', 'mana', 'soal', 'kalo', 'pantai', 'yg', 'biasa', 'datangin', 'org', 'kan', 'udh', 'makan', 'laut']",pantai yg belah mana soal kalo pantai yg biasa datangin org kan udh makan laut,,Positif
Pantai Ulee Lheue,ka deu laot tanyo,,11/02/2026 13:58,2,TikTok,"['ka', 'deu', 'laot', 'tanyo']",ka deu laot tanyo,,Positif
Pantai Ulee Lheue,itu pantai pavoritku,,10/02/2026 21:33,2,TikTok,"['pantai', 'pavoritku']",pantai pavoritku,,Positif
Pantai Ulee Lheue,pengen mancing lg di situ seru mancing di situ,,13/02/2026 17:25,2,TikTok,"['ken', 'mancing', 'lg', 'situ', 'seru', 'mancing', 'situ']",ken mancing lg situ seru mancing situ,,Positif
Pantai Ulee Lheue,hampir tiap minggu jajan sambil nikmati sunset di sini videonya bagus bang semangat ya,,12/02/2026 12:51,2,TikTok,"['hampir', 'tiap', 'minggu', 'jajan', 'nikmat', 'sunset', 'sini', 'video', 'bagus', 'bang', 'semangat']",hampir tiap minggu jajan nikmat sunset sini video bagus bang semangat,,Positif
Pantai Ulee Lheue,pantai ulee lheue indah dan nyama tuk berenang,,11/02/2026 20:23,1,TikTok,"['pantai', 'ulee', 'lheue', 'indah', 'nyama', 'tuk', 'renang']",pantai ulee lheue indah nyama tuk renang,,Positif
Pantai Ulee Lheue,wah,,11/02/2026 17:56,2,TikTok,['wah'],wah,,Positif
Pantai Ulee Lheue,baru tau loh pantainya gini kirain airnya full sampe pinggir,,12/02/2026 19:21,1,TikTok,"['baru', 'tau', 'loh', 'pantai', 'gin', 'kirain', 'air', 'full', 'sampe', 'pinggir']",baru tau loh pantai gin kirain air full sampe pinggir,,Positif
Pantai Ulee Lheue,di belakang mesjid ule lhee,,11/02/2026 23:49,2,TikTok,"['belakang', 'mesjid', 'ule', 'lhee']",belakang mesjid ule lhee,,Positif
Pantai Ulee Lheue,pantai y mematikan setiap thn dan setiap menjelang haji selalu memakan korban dipantai itu pantai ulele dibelakang mesjid sabtu lalu sudah merenggut nyawa lagi disana tahun lalu jg terjadi hal y sama thn beklakangnya ayah y meyelamatkan anaknya menjadi korba disana,,12/02/2026 23:37,3,TikTok,"['pantai', 'y', 'mati', 'thn', 'jelang', 'haji', 'selalu', 'makan', 'korban', 'pantai', 'pantai', 'ulele', 'belakang', 'mesjid', 'sabtu', 'lalu', 'renggut', 'nyawa', 'sana', 'tahun', 'lalu', 'jg', 'jadi', 'y', 'sama', 'thn', 'beklakangnya', 'ayah', 'y', 'meyelamatkan', 'anak', 'jadi', 'korba', 'sana']",pantai y mati thn jelang haji selalu makan korban pantai pantai ulele belakang mesjid sabtu lalu renggut nyawa sana tahun lalu jg jadi y sama thn beklakangnya ayah y meyelamatkan anak jadi korba sana,,Positif
Pantai Ulee Lheue,rindu y plang ke banda aceh pengen mandi berenang di pantai ulee lee,,11/02/2026 20:22,1,TikTok,"['rindu', 'y', 'plang', 'banda', 'aceh', 'ken', 'mandi', 'renang', 'pantai', 'ulee', 'lee']",rindu y plang banda aceh ken mandi renang pantai ulee lee,,Positif
Pantai Ulee Lheue,ok terimakasih,,16/03/2026 20:04,0,TikTok,['terimakasih'],terimakasih,,Positif
Pantai Ulee Lheue,iya sama,,17/03/2026 22:01,1,TikTok,"['iya', 'sama']",iya sama,,Positif
Pantai Ulee Lheue,kapan cari kepiting lagi men,,12/02/2026 08:29,1,TikTok,"['kapan', 'cari', 'kepiting', 'men']",kapan cari kepiting men,,Positif
Pantai Ulee Lheue,sini saya back semua affiliate tiktok amanah,,12/02/2026 12:12,1,TikTok,"['sini', 'back', 'semua', 'affiliate', 'tiktok', 'amanah']",sini back semua affiliate tiktok amanah,,Positif
Pantai Ulee Lheue,hana that pah aduen euk lantaran tengoh surot ie laot musik cukop pah,,11/02/2026 08:33,1,TikTok,"['hana', 'that', 'pah', 'aduen', 'euk', 'lantar', 'tengoh', 'surot', 'ie', 'laot', 'musik', 'cukop', 'pah']",hana that pah aduen euk lantar tengoh surot ie laot musik cukop pah,,Positif
Pantai Lampuuk,doakan sy bisa dtg aceh tahun dpn yaa salam dr malaysia,,22/07/2025 06:57,90,TikTok,"['doa', 'sy', 'dtg', 'aceh', 'tahun', 'dpn', 'yaa', 'salam', 'dr', 'malaysia']",doa sy dtg aceh tahun dpn yaa salam dr malaysia,,Positif
Pantai Lampuuk,tolak batalion mereka menghina kedaulatan bangsa aceh,,21/07/2025 04:17,165,TikTok,"['tolak', 'batalion', 'hina', 'daulat', 'bangsa', 'aceh']",tolak batalion hina daulat bangsa aceh,,Positif
Pantai Lampuuk,lebih pas lagi kalo ditanam pohon kelapa yg banyak,,20/07/2025 08:26,749,TikTok,"['lebih', 'pas', 'kalo', 'tanam', 'pohon', 'kelapa', 'yg', 'banyak']",lebih pas kalo tanam pohon kelapa yg banyak,,Positif
Pantai Lampuuk,vibes brazil,,20/07/2025 13:51,83,TikTok,"['vibes', 'brazil']",vibes brazil,,Positif
Pantai Lampuuk,aceh serpihan syurga masyaallah keren,,20/07/2025 21:41,9,TikTok,"['aceh', 'serpih', 'syurga', 'masyaallah', 'keren']",aceh serpih syurga masyaallah keren,,Positif
Pantai Lampuuk,cakep memang tapi gak tahan panasnya pas kesitu,,23/07/2025 19:42,24,TikTok,"['cakep', 'memang', 'gak', 'tahan', 'panas', 'pas', 'kesitu']",cakep memang gak tahan panas pas kesitu,,Positif
Pantai Lampuuk,qadaruulah thl bulan kemarin adik sya tggelam di pntai tebing lampuuk di tmukan stlah hari di pulau aceh sudah mninggal dunia,,24/07/2025 12:02,12,TikTok,"['qadaruulah', 'thl', 'bulan', 'kemarin', 'adik', 'sya', 'tggelam', 'pntai', 'tebing', 'lampuuk', 'tmukan', 'stlah', 'hari', 'pulau', 'aceh', 'mninggal', 'dunia']",qadaruulah thl bulan kemarin adik sya tggelam pntai tebing lampuuk tmukan stlah hari pulau aceh mninggal dunia,,Positif
Pantai Lampuuk,seandainya tiket pesawat terjangkau ke aceh kita bisa mengalahkan bali,,20/07/2025 17:06,441,TikTok,"['anda', 'tiket', 'pesawat', 'jangkau', 'aceh', 'kalah', 'bal']",anda tiket pesawat jangkau aceh kalah bal,,Positif
Pantai Lampuuk,oh ternyata aceh cantik yaa,,23/08/2025 13:10,10,TikTok,"['nyata', 'aceh', 'cantik', 'yaa']",nyata aceh cantik yaa,,Positif
Pantai Lampuuk,sayang nya menu selalu mie kuah mencret,,29/08/2025 10:51,26,TikTok,"['sayang', 'nya', 'menu', 'selalu', 'mie', 'kuah', 'mencret']",sayang nya menu selalu mie kuah mencret,,Positif
Pantai Lampuuk,indah pemandangan wisata pantai tebing lampuuk aceh,,28/08/2025 07:40,10,TikTok,"['indah', 'pandang', 'wisata', 'pantai', 'tebing', 'lampuuk', 'aceh']",indah pandang wisata pantai tebing lampuuk aceh,,Positif
Pantai Lampuuk,makin cantik aja nih pantai tebing nya,,20/07/2025 07:34,10,TikTok,"['makin', 'cantik', 'aja', 'nih', 'pantai', 'tebing', 'nya']",makin cantik aja nih pantai tebing nya,,Positif
Pantai Lampuuk,sblum nikah sllu d ajak ke sini katanya sangat indah stlah nikah ga d bwa lgi katanya udh cpek k sana trus,,21/07/2025 11:34,8,TikTok,"['sblum', 'nikah', 'sllu', 'd', 'ajak', 'sini', 'kata', 'sangat', 'indah', 'stlah', 'nikah', 'ga', 'd', 'bwa', 'lgi', 'kata', 'udh', 'cpek', 'k', 'sana', 'trus']",sblum nikah sllu d ajak sini kata sangat indah stlah nikah ga d bwa lgi kata udh cpek k sana trus,,Positif
Pantai Lampuuk,harga tiket pesawatnya dari ntt g ngotak jirr nembus jt,,25/07/2025 05:35,5,TikTok,"['harga', 'tiket', 'pesawat', 'ntt', 'g', 'ngotak', 'jirr', 'nembus', 'jt']",harga tiket pesawat ntt g ngotak jirr nembus jt,,Positif
Pantai Lampuuk,hawaii nya banda,,20/07/2025 18:05,16,TikTok,"['hawaii', 'nya', 'banda']",hawaii nya banda,,Positif
Pantai Lampuuk,thn pernah kesini air lautnya jernih pengen datang lagi,,20/07/2025 15:14,37,TikTok,"['thn', 'pernah', 'kesini', 'air', 'laut', 'jernih', 'ken', 'datang']",thn pernah kesini air laut jernih ken datang,,Positif
Pantai Lampuuk,beda dengan dibali bnyk yg berjemur di aceh pantai natural tanpa maksiat sayangnya di aceh gk ada bioskop,,23/07/2025 07:37,11,TikTok,"['beda', 'bal', 'bnyk', 'yg', 'jemur', 'aceh', 'pantai', 'natural', 'maksiat', 'sayang', 'aceh', 'gk', 'bioskop']",beda bal bnyk yg jemur aceh pantai natural maksiat sayang aceh gk bioskop,,Positif
Pantai Lampuuk,masalahnya aceh mengaitkan pariwisata alam dengan agama sehingga susah laku di jual masa harus pakai jilbab padahal pantai gunung adalah aktivitas yang memerlukan baju simpel bukan ribet,,27/07/2025 09:49,9,TikTok,"['masalah', 'aceh', 'kait', 'pariwisata', 'alam', 'agama', 'susah', 'laku', 'jual', 'masa', 'pakai', 'jilbab', 'padahal', 'pantai', 'gunung', 'aktivitas', 'perlu', 'baju', 'simpel', 'bukan', 'ribet']",masalah aceh kait pariwisata alam agama susah laku jual masa pakai jilbab padahal pantai gunung aktivitas perlu baju simpel bukan ribet,,Positif
Pantai Lampuuk,andai ada bunga di kelilingi nya pantai itu tmbah cantik,,20/07/2025 18:04,6,TikTok,"['andai', 'bunga', 'keliling', 'nya', 'pantai', 'tmbah', 'cantik']",andai bunga keliling nya pantai tmbah cantik,,Positif
Pantai Lampuuk,alhamdulillah orang kaltim bisa berkunjung ke lampuuk mantab pantainya,,26/08/2025 16:23,5,TikTok,"['alhamdulillah', 'orang', 'kaltim', 'kunjung', 'lampuuk', 'mantab', 'pantai']",alhamdulillah orang kaltim kunjung lampuuk mantab pantai,,Positif
Pantai Lampuuk,jadi pengen ke aceh salam dari pidie,,21/07/2025 23:00,7,TikTok,"['jadi', 'ken', 'aceh', 'salam', 'pidie']",jadi ken aceh salam pidie,,Positif
Pantai Lampuuk,aceh itu sepnjang jalannya laut semua dan indah banget sebnrnya bali kalah tapi krn berbenturan dengan aturan agama jadi mungkin orng yg mau kebenasan berlibur gak bisa,,22/07/2025 07:20,5,TikTok,"['aceh', 'sepnjang', 'jalan', 'laut', 'semua', 'indah', 'banget', 'sebnrnya', 'bal', 'kalah', 'krn', 'bentur', 'atur', 'agama', 'jadi', 'mungkin', 'orng', 'yg', 'mau', 'kebenasan', 'libur', 'gak']",aceh sepnjang jalan laut semua indah banget sebnrnya bal kalah krn bentur atur agama jadi mungkin orng yg mau kebenasan libur gak,,Positif
Pantai Lampuuk,pernah kesana bang,,13/05/2026 12:00,0,TikTok,"['pernah', 'kesana', 'bang']",pernah kesana bang,,Positif
Pantai Lampuuk,izin share kaka,,21/04/2026 21:20,0,TikTok,"['izin', 'share', 'kaka']",izin share kaka,,Positif
Pantai Lampuuk,apa nama tempat nya,,24/03/2026 15:16,0,TikTok,"['apa', 'nama', 'tempat', 'nya']",apa nama tempat nya,,Positif
Pantai Lampuuk,adakah penginapan nya dekat situ,,07/04/2026 15:16,0,TikTok,"['ada', 'inap', 'nya', 'dekat', 'situ']",ada inap nya dekat situ,,Positif
Pantai Lampuuk,kangeeen lampuuk,,03/04/2026 00:34,1,TikTok,"['kangeeen', 'lampuuk']",kangeeen lampuuk,,Positif
Pantai Lampuuk,kok ga ada yang mainan air,,06/05/2026 20:15,0,TikTok,"['kok', 'ga', 'main', 'air']",kok ga main air,,Positif
Pantai Lampuuk,emang gaboleh pake celana pendek ya kk,,22/03/2026 19:32,0,TikTok,"['emang', 'gaboleh', 'pake', 'celana', 'pendek', 'kk']",emang gaboleh pake celana pendek kk,,Positif
Pantai Lampuuk,bukannya hari ini hujan dan angin ya,,20/07/2025 18:56,0,TikTok,"['bukan', 'hari', 'hujan', 'angin']",bukan hari hujan angin,,Positif
Pantai Lampuuk,mau tanya kalau ke aceh laki harus pake calana panjang kah meski non muslim,,22/07/2025 16:01,3,TikTok,"['mau', 'tanya', 'kalau', 'aceh', 'laki', 'pake', 'calana', 'panjang', 'meski', 'non', 'muslim']",mau tanya kalau aceh laki pake calana panjang meski non muslim,,Positif
Pantai Lampuuk,belum punya paspor dan masih iqra takut di cambuk,,22/07/2025 17:15,1,TikTok,"['punya', 'paspor', 'iqra', 'takut', 'cambuk']",punya paspor iqra takut cambuk,,Positif
Pantai Lampuuk,klo ke sana kondisi jalannya gimana ya kak klo kesana sore aman ga pulangnya,,27/08/2025 17:08,0,TikTok,"['klo', 'sana', 'kondisi', 'jalan', 'gimana', 'kak', 'klo', 'kesana', 'sore', 'aman', 'ga', 'pulang']",klo sana kondisi jalan gimana kak klo kesana sore aman ga pulang,,Positif
Pantai Lampuuk,keren,,17/08/2025 18:50,1,TikTok,['keren'],keren,,Positif
Pantai Lampuuk,aceh the best,,09/08/2025 03:50,4,TikTok,"['aceh', 'the', 'best']",aceh the best,,Positif
Pantai Lampuuk,keren,,17/08/2025 18:10,1,TikTok,['keren'],keren,,Positif
Pantai Lampuuk,wow it s so beautiful,,20/08/2025 23:27,1,TikTok,"['wow', 'it', 's', 'so', 'beautiful']",wow it s so beautiful,,Positif
Pantai Lampuuk,wah sangat indih pantai lampu uk banda aceh ya,,20/07/2025 11:43,2,TikTok,"['wah', 'sangat', 'indih', 'pantai', 'lampu', 'uk', 'banda', 'aceh']",wah sangat indih pantai lampu uk banda aceh,,Positif
Pantai Lampuuk,masyaallah rindu nya kali terakhir dtg thn,,21/07/2025 12:44,1,TikTok,"['masyaallah', 'rindu', 'nya', 'kali', 'akhir', 'dtg', 'thn']",masyaallah rindu nya kali akhir dtg thn,,Positif
Pantai Lampuuk,aku pernah kesitu itu namanya pantai tebing lampuuk kan aku pernah pergi kak foto,,17/02/2026 11:51,2,TikTok,"['aku', 'pernah', 'kesitu', 'nama', 'pantai', 'tebing', 'lampuuk', 'kan', 'aku', 'pernah', 'pergi', 'kak', 'foto']",aku pernah kesitu nama pantai tebing lampuuk kan aku pernah pergi kak foto,,Positif
Pantai Lampuuk,sdh nyampe disana,,22/07/2025 20:27,1,TikTok,"['sdh', 'nyampe', 'sana']",sdh nyampe sana,,Positif
Pantai Lampuuk,terakhir sblm tsunami kpantai ini,,20/07/2025 23:32,0,TikTok,"['akhir', 'sblm', 'tsunami', 'kpantai']",akhir sblm tsunami kpantai,,Positif
Pantai Lampuuk,duduk di situ mesti pesen makan kk atau ada bayar pertama masuknya,,21/07/2025 13:15,1,TikTok,"['duduk', 'situ', 'mesti', 'sen', 'makan', 'kk', 'bayar', 'pertama', 'masuk']",duduk situ mesti sen makan kk bayar pertama masuk,,Positif
Pantai Lampuuk,ooo haye that,,23/07/2025 19:28,2,TikTok,"['ooo', 'haye', 'that']",ooo haye that,,Positif
Pantai Lampuuk,rancak bana,,30/07/2025 20:26,1,TikTok,"['rancak', 'bana']",rancak bana,,Positif
Pantai Lampuuk,beautifull beach,,22/07/2025 12:01,2,TikTok,"['beautifull', 'beach']",beautifull beach,,Positif
Pantai Lampuuk,weee udah ramee aja,,20/07/2025 15:59,1,TikTok,"['weee', 'udah', 'ramee', 'aja']",weee udah ramee aja,,Positif
Pantai Lampuuk,so beautiful views indonesia i love,,02/10/2025 19:29,1,TikTok,"['so', 'beautiful', 'views', 'indonesia', 'i', 'love']",so beautiful views indonesia i love,,Positif
Pantai Lampuuk,indah sekalii aceh,,20/07/2025 06:33,4,TikTok,"['indah', 'sekali', 'aceh']",indah sekali aceh,,Positif
Pantai Lampuuk,kalau waze ke sini nak type apa ye pantai tebing lampuuk,,11/09/2025 00:18,1,TikTok,"['kalau', 'waze', 'sini', 'nak', 'type', 'apa', 'ye', 'pantai', 'tebing', 'lampuuk']",kalau waze sini nak type apa ye pantai tebing lampuuk,,Positif
Pantai Lampuuk,jauh tak dari airport acheh,,06/10/2025 12:01,0,TikTok,"['jauh', 'tak', 'airport', 'acheh']",jauh tak airport acheh,,Positif
Pantai Lampuuk,entah kpn lah bisa ke sanaaa,,20/07/2025 14:33,1,TikTok,"['entah', 'kpn', 'lah', 'sanaaa']",entah kpn lah sanaaa,,Positif
Pantai Lampuuk,jam yg lalau pernah kesini pengen pergi lagi,,20/07/2025 15:17,2,TikTok,"['jam', 'yg', 'lalau', 'pernah', 'kesini', 'ken', 'pergi']",jam yg lalau pernah kesini ken pergi,,Positif
Pantai Lampuuk,hemm mau kesini lagiii,,20/07/2025 20:41,1,TikTok,"['hemm', 'mau', 'kesini', 'lagiii']",hemm mau kesini lagiii,,Positif
Pantai Lampuuk,lah ke pantai cari dingin,,21/07/2025 01:57,0,TikTok,"['lah', 'pantai', 'cari', 'dingin']",lah pantai cari dingin,,Positif
Pantai Lampuuk,masyaallah pesona pantai lampu uk ga pernah sirna dia ttp indah bahkan semakin indah rumah ku dulu di dekat pantai ini di gampong mon ikeun,,24/07/2025 18:02,2,TikTok,"['masyaallah', 'pesona', 'pantai', 'lampu', 'uk', 'ga', 'pernah', 'sirna', 'ttp', 'indah', 'bahkan', 'makin', 'indah', 'rumah', 'ku', 'dulu', 'dekat', 'pantai', 'gampong', 'mon', 'ikeun']",masyaallah pesona pantai lampu uk ga pernah sirna ttp indah bahkan makin indah rumah ku dulu dekat pantai gampong mon ikeun,,Positif
Pantai Lampuuk,sebagus ni,,25/08/2025 23:09,2,TikTok,"['bagus', 'ni']",bagus ni,,Positif
Pantai Lampuuk,sini ku back semua amanah,,06/08/2025 19:33,2,TikTok,"['sini', 'ku', 'back', 'semua', 'amanah']",sini ku back semua amanah,,Positif
Pantai Lampuuk,sunset nya indah banget disini,,20/07/2025 23:55,4,TikTok,"['sunset', 'nya', 'indah', 'banget', 'sini']",sunset nya indah banget sini,,Positif
Pantai Lampuuk,jdi pengen ke aceh tpi blm ada dananya,,21/07/2025 19:20,4,TikTok,"['jdi', 'ken', 'aceh', 'tpi', 'blm', 'dana']",jdi ken aceh tpi blm dana,,Positif
Pantai Lampuuk,rindu sekali sma tempat ini,,20/07/2025 22:59,4,TikTok,"['rindu', 'sekali', 'sma', 'tempat']",rindu sekali sma tempat,,Positif
Pantai Lampuuk,bagussss,,05/01/2026 12:37,1,TikTok,['bagussss'],bagussss,,Positif
Pantai Lampuuk,saya ingin sekali datang ke aceh soalnya di aceh indah banget tapi belum kesampaian salam kenal dari gampong meulum,,22/07/2025 15:05,3,TikTok,"['sekali', 'datang', 'aceh', 'soal', 'aceh', 'indah', 'banget', 'sampai', 'salam', 'kenal', 'gampong', 'meulum']",sekali datang aceh soal aceh indah banget sampai salam kenal gampong meulum,,Positif
Pantai Lampuuk,indahhh,,11/01/2026 21:42,1,TikTok,['indahhh'],indahhh,,Positif
Pantai Lampuuk,pantai dan laut nya sangat indah ku sdh kesana,,20/07/2025 21:40,3,TikTok,"['pantai', 'laut', 'nya', 'sangat', 'indah', 'ku', 'sdh', 'kesana']",pantai laut nya sangat indah ku sdh kesana,,Positif
Pantai Lampuuk,mauuuuuuuihhh,,24/12/2025 20:49,0,TikTok,['mauuuuuuuihhh'],mauuuuuuuihhh,,Positif
Pantai Lampuuk,pantai aceh emg seindah itu,,22/07/2025 18:39,2,TikTok,"['pantai', 'aceh', 'emg', 'indah']",pantai aceh emg indah,,Positif
Pantai Lampuuk,nostalgia tempat kami latihan rock climbing pada masa pada tahun uda pada punya cucu sekarang,,29/09/2025 22:44,2,TikTok,"['nostalgia', 'tempat', 'latih', 'rock', 'climbing', 'masa', 'tahun', 'uda', 'punya', 'cucu', 'sekarang']",nostalgia tempat latih rock climbing masa tahun uda punya cucu sekarang,,Positif
Pantai Lampuuk,indah banget,,20/07/2025 18:19,3,TikTok,"['indah', 'banget']",indah banget,,Positif
Pantai Lampuuk,jarak dari kota banda aceh jauh gak kk ke pantai ini,,17/11/2025 12:02,1,TikTok,"['jarak', 'kota', 'banda', 'aceh', 'jauh', 'gak', 'kk', 'pantai']",jarak kota banda aceh jauh gak kk pantai,,Positif
Pantai Lampuuk,wow da pernah kemari yg masuk lokasi hanya rp sama sepeda motor pantai tebing lampuuk yg mempesona dari saya asal tg tiram batubara sumut,,26/08/2025 08:40,2,TikTok,"['wow', 'da', 'pernah', 'kemari', 'yg', 'masuk', 'lokasi', 'rp', 'sama', 'sepeda', 'motor', 'pantai', 'tebing', 'lampuuk', 'yg', 'pesona', 'asal', 'tg', 'tiram', 'batubara', 'sumut']",wow da pernah kemari yg masuk lokasi rp sama sepeda motor pantai tebing lampuuk yg pesona asal tg tiram batubara sumut,,Positif
Pantai Lampuuk,tiba kangen pengn kesiniii dulu pas masi stay dibanda kalo lagi stress ngerjain skripsi pasti tmpat yg aku singgah tu ketebibg siniii arghhhhhhhh kangen suasananyaaaaaa khaaaaaan,,26/08/2025 17:23,2,TikTok,"['tiba', 'kangen', 'pengn', 'kesiniii', 'dulu', 'pas', 'mas', 'stay', 'banda', 'kalo', 'stress', 'ngerjain', 'skripsi', 'tmpat', 'yg', 'aku', 'singgah', 'tu', 'ketebibg', 'siniii', 'arghhhhhhhh', 'kangen', 'suasananyaaaaaa', 'khaaaaaan']",tiba kangen pengn kesiniii dulu pas mas stay banda kalo stress ngerjain skripsi tmpat yg aku singgah tu ketebibg siniii arghhhhhhhh kangen suasananyaaaaaa khaaaaaan,,Positif
Pantai Lampuuk,pantai tebing memang keren saya baru dari sana gak bosan liat pemandangan yg indah,,20/07/2025 21:08,3,TikTok,"['pantai', 'tebing', 'memang', 'keren', 'baru', 'sana', 'gak', 'bosan', 'liat', 'pandang', 'yg', 'indah']",pantai tebing memang keren baru sana gak bosan liat pandang yg indah,,Positif
Pantai Lampuuk,kak boleh spil nama cafe nya ngk,,27/12/2025 20:05,0,TikTok,"['kak', 'spil', 'nama', 'cafe', 'nya', 'ngk']",kak spil nama cafe nya ngk,,Positif
Pantai Lampuuk,walaupun suhunya mencapai derajat tapi tetep rame ya di laut wkwk emng secakep ituuuu,,21/07/2025 22:05,2,TikTok,"['walaupun', 'suhu', 'capai', 'derajat', 'tetep', 'rame', 'laut', 'wkwk', 'emng', 'cakep', 'ituuuu']",walaupun suhu capai derajat tetep rame laut wkwk emng cakep ituuuu,,Positif
Pantai Lampuuk,waw,,22/08/2025 09:06,1,TikTok,['waw'],waw,,Positif
Pantai Lampuuk,mama gua di aceh gua stay jkt wkwkw btw gw cowo,,29/10/2025 21:37,1,TikTok,"['mama', 'gua', 'aceh', 'gua', 'stay', 'jkt', 'wkwkw', 'btw', 'gw', 'cowo']",mama gua aceh gua stay jkt wkwkw btw gw cowo,,Positif
Pantai Lampuuk,brp uang masuk kk,,09/11/2025 23:57,1,TikTok,"['brp', 'uang', 'masuk', 'kk']",brp uang masuk kk,,Positif
Pantai Lampuuk,bereh,,30/08/2025 18:04,1,TikTok,['bereh'],bereh,,Positif
Pantai Lampuuk,izin vt,,12/08/2025 21:01,0,TikTok,"['izin', 'vt']",izin vt,,Positif
Pantai Lampuuk,indah sekali,,16/08/2025 06:51,2,TikTok,"['indah', 'sekali']",indah sekali,,Positif
Pantai Lampuuk,izin save vt nya kak untuk story,,27/07/2025 14:54,0,TikTok,"['izin', 'save', 'vt', 'nya', 'kak', 'story']",izin save vt nya kak story,,Positif
Pantai Lampuuk,seafood nya enak kali,,27/07/2025 10:26,2,TikTok,"['seafood', 'nya', 'enak', 'kali']",seafood nya enak kali,,Positif
Pantai Lampuuk,indah banget,,06/10/2025 22:12,1,TikTok,"['indah', 'banget']",indah banget,,Positif
Pantai Lampuuk,indah,,12/09/2025 12:53,1,TikTok,['indah'],indah,,Positif
Pantai Lampuuk,eh gua pengen banget ke aceh ampun,,12/08/2025 17:01,1,TikTok,"['eh', 'gua', 'ken', 'banget', 'aceh', 'ampun']",eh gua ken banget aceh ampun,,Positif
Pantai Lampuuk,gapernah bosen kesini,,16/08/2025 16:59,1,TikTok,"['gapernah', 'bosen', 'kesini']",gapernah bosen kesini,,Positif
Pantai Lampuuk,indah banget,,07/10/2025 18:44,2,TikTok,"['indah', 'banget']",indah banget,,Positif
Pantai Lampuuk,alhamdulilah dh prnh kesini,,01/10/2025 21:02,1,TikTok,"['alhamdulilah', 'dh', 'prnh', 'kesini']",alhamdulilah dh prnh kesini,,Positif
Pantai Lampuuk,indahkan tempat wisata aceh tunggu apa lagi yok gass ke aceh wisata paling alami seindonesia,,09/10/2025 20:11,1,TikTok,"['indah', 'tempat', 'wisata', 'aceh', 'tunggu', 'apa', 'yok', 'gass', 'aceh', 'wisata', 'paling', 'alami', 'indonesia']",indah tempat wisata aceh tunggu apa yok gass aceh wisata paling alami indonesia,,Positif
Pantai Lampuuk,kalau kalian butuh temen tour guide yang nonmuslim buat jalan ke aceh khususnya banda aceh sabang bisa hubungi aku yaa,,15/10/2025 00:10,1,TikTok,"['kalau', 'kalian', 'butuh', 'temen', 'tour', 'guide', 'nonmuslim', 'buat', 'jalan', 'aceh', 'khusus', 'banda', 'aceh', 'sabang', 'hubung', 'aku', 'yaa']",kalau kalian butuh temen tour guide nonmuslim buat jalan aceh khusus banda aceh sabang hubung aku yaa,,Positif
Pantai Lampuuk,jauh lebih seru aceh ketimbang bali yg udah sumpek,,28/09/2025 20:40,1,TikTok,"['jauh', 'lebih', 'seru', 'aceh', 'ketimbang', 'bal', 'yg', 'udah', 'sumpek']",jauh lebih seru aceh ketimbang bal yg udah sumpek,,Positif
Pantai Lampuuk,sini aku back semua affiliate,,20/07/2025 23:13,0,TikTok,"['sini', 'aku', 'back', 'semua', 'affiliate']",sini aku back semua affiliate,,Positif
Pantai Lampuuk,ehh udah ada tempat duduk yaaa,,22/07/2025 19:13,1,TikTok,"['ehh', 'udah', 'tempat', 'duduk', 'yaaa']",ehh udah tempat duduk yaaa,,Positif
Pantai Lampuuk,cantik nya nak,,16/09/2025 21:39,1,TikTok,"['cantik', 'nya', 'nak']",cantik nya nak,,Positif
Pantai Lampuuk,sungguh indah pantai aceh,,28/07/2025 12:00,1,TikTok,"['sungguh', 'indah', 'pantai', 'aceh']",sungguh indah pantai aceh,,Positif
Pantai Lampuuk,indah sekali,,02/10/2025 13:31,1,TikTok,"['indah', 'sekali']",indah sekali,,Positif
Pantai Lampuuk,udah tahun gk ke lampuuk,,20/07/2025 20:42,2,TikTok,"['udah', 'tahun', 'gk', 'lampuuk']",udah tahun gk lampuuk,,Positif
Pantai Lampuuk,indah aceh lon,,01/10/2025 22:52,1,TikTok,"['indah', 'aceh', 'lon']",indah aceh lon,,Positif
