title,text,stars,publishedAtDate,likesCount,platform
Masjid_Raya_Baiturrahman,terimakasih atas vidio yang mahal ini. kami sangat menikmatinya,,20/05/2026 11:07,176,TikTok
Masjid_Raya_Baiturrahman,Alhamdulillah sdh dpt masuk dan solat maghrib di Masjid BaitulRahman pada 28/4/2026 yg lalu. salam dr ????,,20/05/2026 20:25,46,TikTok
Masjid_Raya_Baiturrahman,alhamdulillah,,22/05/2026 12:44,8,TikTok
Masjid_Raya_Baiturrahman,Masha Allah ??,,01/06/2026 09:44,0,TikTok
Masjid_Raya_Baiturrahman,"ya Allah pengen sekali berkunjung ke masjid raya Baiturrahman Banda Aceh ??
salam dari lampaseh??",,20/05/2026 19:36,16,TikTok
Masjid_Raya_Baiturrahman,Salam dari jambi pertama kali memijakan kaki di masjid yg bersejarah ini??,,22/05/2026 17:59,6,TikTok
Masjid_Raya_Baiturrahman,"Sya Kristen. tapi 2015 saya pernah masuk dan menginjakan kaki di Mesjid ini,, Saya Kagum, Respact #Toleransi",,22/05/2026 09:45,25,TikTok
Masjid_Raya_Baiturrahman,[Sticker] mesjid Baiturrahman Banda Aceh ??????,,05/06/2026 17:09,1,TikTok
Masjid_Raya_Baiturrahman,Aku ingin kembali lagi ke sini .,,22/05/2026 11:07,6,TikTok
Masjid_Raya_Baiturrahman,"ya allah kapan aku bisa keaceh,soalnya aku tinggal di pidie",,20/05/2026 17:59,5,TikTok
Masjid_Raya_Baiturrahman,Mesjid agung??,,20/05/2026 12:02,9,TikTok
Masjid_Raya_Baiturrahman,"sambil rebahan bisa masuk mesjid raya.. asik ini. mantap, apalagi saat jamaahnya ramai bnyak sperti momen shalat ied. lebih mantap lagi.. ditunggu ya sob..",,21/05/2026 20:50,6,TikTok
Masjid_Raya_Baiturrahman,"y Allah pengen ke situ lagi bareng orgtua Skrang udh tmbah anggota kluarga lgi, smoga bisa??",,20/05/2026 11:56,16,TikTok
Masjid_Raya_Baiturrahman,"mesjid kebanggaan orang aceh, klo ke banda Aceh, sebelum singgah ke mesjid raya belum sah rasanya?? salam dari Aneuk Ranto medan??",,20/05/2026 14:02,5,TikTok
Masjid_Raya_Baiturrahman,Aku pernah solat di mesjid Raya Banda Aceh yaallah pingin kesitu lagi,,20/05/2026 17:11,9,TikTok
Masjid_Raya_Baiturrahman,Masya Allah,,03/06/2026 11:51,0,TikTok
Masjid_Raya_Baiturrahman,"masyaallah,sangat indah",,23/05/2026 13:06,0,TikTok
Masjid_Raya_Baiturrahman,pengen ke Aceh bulan depan semaga aja ke capai .. salam Minang lhoksumawe..,,20/05/2026 19:26,6,TikTok
Masjid_Raya_Baiturrahman,keren kak,,24/05/2026 14:33,0,TikTok
Masjid_Raya_Baiturrahman,masyaallah indah nyaaaaaaa,,29/05/2026 00:41,0,TikTok
Masjid_Raya_Baiturrahman,Sungguh amazing penyajian nya,,26/05/2026 22:25,0,TikTok
Masjid_Raya_Baiturrahman,kangen??????,,27/05/2026 14:54,0,TikTok
Masjid_Raya_Baiturrahman,luar biasa mesjid kebaggaan kita.. ??,,23/05/2026 16:57,0,TikTok
Masjid_Raya_Baiturrahman,[Sticker] ,,22/05/2026 09:29,0,TikTok
Masjid_Raya_Baiturrahman,amiin??????,,22/05/2026 08:00,1,TikTok
Masjid_Raya_Baiturrahman,masya Allah tabarakallah,,22/05/2026 00:37,0,TikTok
Masjid_Raya_Baiturrahman,salam dari Ulka. Ule Kareng city ??,,07/06/2026 14:54,0,TikTok
Masjid_Raya_Baiturrahman,masyaallah ????,,22/05/2026 07:20,0,TikTok
Masjid_Raya_Baiturrahman,Subhaanallah,,24/05/2026 12:21,0,TikTok
Masjid_Raya_Baiturrahman,jujur aja yg aku orang Aceh tapih belum pernah ke masjid ini????,,28/05/2026 02:07,2,TikTok
Masjid_Raya_Baiturrahman,thankyou,,22/05/2026 11:28,1,TikTok
Masjid_Raya_Baiturrahman,Masya allah bru tau seluas itu,,03/06/2026 18:13,1,TikTok
Masjid_Raya_Baiturrahman,salah satu masjid tertua,,22/05/2026 17:11,0,TikTok
Masjid_Raya_Baiturrahman,salam.duuh luar biasa indah??????????dan megah nye????????????????????,,01/06/2026 18:23,0,TikTok
Masjid_Raya_Baiturrahman,huaaa kangen??,,22/05/2026 22:16,0,TikTok
Masjid_Raya_Baiturrahman,MashaAllah mantap,,22/05/2026 15:06,0,TikTok
Masjid_Raya_Baiturrahman,subhanallah ??????,,21/05/2026 07:42,0,TikTok
Masjid_Raya_Baiturrahman,[Sticker] ,,26/05/2026 20:52,0,TikTok
Masjid_Raya_Baiturrahman,ya Allah semoga dapat pergi sana 1 hari nanti.. Aamiin,,20/05/2026 17:01,2,TikTok
Masjid_Raya_Baiturrahman,kalo begini izinnya kemana?,,20/05/2026 19:06,1,TikTok
Masjid_Raya_Baiturrahman,sudah pernah kesana thn 2024 kemarin ???? ????,,24/05/2026 09:52,0,TikTok
Masjid_Raya_Baiturrahman,amin ??,,21/05/2026 10:47,0,TikTok
Masjid_Raya_Baiturrahman,[Sticker] ,,20/05/2026 10:50,2,TikTok
Masjid_Raya_Baiturrahman,"alhamdulillah udah pernah??
salam dari aceh selatan??",,22/05/2026 10:35,0,TikTok
Masjid_Raya_Baiturrahman,Masyaallah??,,29/05/2026 19:41,0,TikTok
Masjid_Raya_Baiturrahman,subhanallah,,23/05/2026 02:45,0,TikTok
Masjid_Raya_Baiturrahman,Masya Allah..??,,20/05/2026 12:38,3,TikTok
Masjid_Raya_Baiturrahman,[Sticker] ,,24/05/2026 16:54,0,TikTok
Masjid_Raya_Baiturrahman,masjid raya Baiturrahman masyaallah ????,,20/05/2026 14:32,1,TikTok
Masjid_Raya_Baiturrahman,masyaallah,,24/05/2026 03:35,0,TikTok
Masjid_Raya_Baiturrahman,gini rasanya terbang rendahh kayanya ya.. ??,,27/05/2026 15:41,1,TikTok
Masjid_Raya_Baiturrahman,alhamdulilah saya sdh berulang kali sholat di mesjid Raya baiturahman sedap sangat di dlm nya sejuk sangat hati pun selalu tenang Masya allah????,,21/05/2026 07:13,3,TikTok
Masjid_Raya_Baiturrahman,Izin share KK????,,20/05/2026 12:40,3,TikTok
Masjid_Raya_Baiturrahman,"pengen banget ke Aceh ,salam dari Krueng mane",,28/05/2026 06:52,2,TikTok
Masjid_Raya_Baiturrahman,betapa rindu nya kesini lagi ??,,21/05/2026 10:39,1,TikTok
Masjid_Raya_Baiturrahman,"Aku tinggal di Aceh Utara tapi belum pernah kemesjid ini,Ya Allah berilah kesempatan untuk ku untuk berkunjung ke mesjid ini aamiiin...",,22/05/2026 13:29,1,TikTok
Masjid_Raya_Baiturrahman,MasyaAllah adem nya,,20/05/2026 12:11,3,TikTok
Masjid_Raya_Baiturrahman,lurus tebus ke Mekah yaallah pingin. ke Mekah ??,,22/05/2026 14:42,2,TikTok
Masjid_Raya_Baiturrahman,"kebanggaan rakyat Aceh
adalah masjid raya Baiturrahman",,20/05/2026 12:07,4,TikTok
Masjid_Raya_Baiturrahman,masya Allah.... ?,,20/05/2026 13:07,2,TikTok
Masjid_Raya_Baiturrahman,ijin save ??,,21/05/2026 18:47,0,TikTok
Masjid_Raya_Baiturrahman,luas sekali masjidnya,,22/05/2026 08:21,0,TikTok
Masjid_Raya_Baiturrahman,"udah lama banget ngak kesana, semoga beutrok lom",,04/06/2026 20:42,0,TikTok
Masjid_Raya_Baiturrahman,Masya Allah...??????,,20/05/2026 21:46,0,TikTok
Masjid_Raya_Baiturrahman,masyaallah....,,22/05/2026 10:36,0,TikTok
Masjid_Raya_Baiturrahman,luar biasa,,20/05/2026 22:11,0,TikTok
Masjid_Raya_Baiturrahman,MasyAllah????????????????,,21/05/2026 09:24,0,TikTok
Masjid_Raya_Baiturrahman,Masya Allah cantik sgt dh????,,21/05/2026 11:45,0,TikTok
Masjid_Raya_Baiturrahman,masya alloh,,21/05/2026 11:29,0,TikTok
Masjid_Raya_Baiturrahman,Masya Allah,,21/05/2026 18:54,0,TikTok
Masjid_Raya_Baiturrahman,rindu suasananya ????,,21/05/2026 12:00,0,TikTok
Masjid_Raya_Baiturrahman,Dekat gan Rumah kite masjid Ni??????.,,22/05/2026 08:52,0,TikTok
Masjid_Raya_Baiturrahman,izin save video nya,,20/05/2026 21:05,0,TikTok
Masjid_Raya_Baiturrahman,Masya Allah tabarakallah ??,,21/05/2026 19:33,0,TikTok
Masjid_Raya_Baiturrahman,"MASYAALLAH,,,impianku DRI kcil pengen sekali liat langsung dan shalat di mesjid ini,,tpi Sampek skrg udh umur 33 blum jga kesampaian,,pdhl sya asli aceh??????",,22/05/2026 11:14,0,TikTok
Masjid_Raya_Baiturrahman,"masyaallah
aku pengen kali kesana kk",,22/05/2026 15:28,0,TikTok
Masjid_Raya_Baiturrahman,masyaallah luar biasa,,20/05/2026 19:44,0,TikTok
Masjid_Raya_Baiturrahman,MasyaAllah Ta barakallah??????,,19/05/2026 19:15,4,TikTok
Masjid_Raya_Baiturrahman,Masya Allah Tabarakallah Alhamdulillah ????,,03/06/2026 07:54,0,TikTok
Masjid_Raya_Baiturrahman,masyaallah,,22/05/2026 17:10,0,TikTok
Masjid_Raya_Baiturrahman,indah dan terasa amat Agung Masjid Raya Baiturrahman,,20/05/2026 19:26,1,TikTok
Masjid_Raya_Baiturrahman,Masya Allah tabarakallah ????,,20/05/2026 11:15,2,TikTok
Masjid_Raya_Baiturrahman,Maaasyaaaa Aaallaaah ?????? Megah tat lepah ??????,,21/05/2026 17:17,0,TikTok
Masjid_Raya_Baiturrahman,jamaah full kah,,22/05/2026 10:42,0,TikTok
Masjid_Raya_Baiturrahman,ya allah rindu ingin ke masjid baiturrahman dulu sering sholat jum'at di masjid baiturrahman insyaallah tahun depan bawak anak² sholat di sini ??????,,25/05/2026 23:37,1,TikTok
Masjid_Raya_Baiturrahman,"serumit-rumitnya pemikiran di kepala tapi bila sudah berada di dalam masjid ini, semua terasa plong dan adem. Masjid kebanggaan dan penuh keberkahan.",,22/05/2026 16:18,0,TikTok
Masjid_Raya_Baiturrahman,"ma syaa Allah, subhanallah..,indah dan luas nya mesjid Banda Aceh...,saya blm prnh masuk ke dalam,krn dr 2003 udh ke Batam,THN 2020 pulang prgi melaboh,balek dr melaboh smpai mesjid udh jam 9 MLM,JD hanya di payung itu aja masuk nya...,",,21/05/2026 20:03,0,TikTok
Masjid_Raya_Baiturrahman,indah nya Di dlm masjid Dan luas lg sejuk ht memandang,,21/05/2026 12:07,1,TikTok
Masjid_Raya_Baiturrahman,rindu nak balik kampung nak pergi kemesjid ini??????,,21/05/2026 09:30,0,TikTok
Masjid_Raya_Baiturrahman,MasyaAllah??,,01/06/2026 21:16,0,TikTok
Masjid_Raya_Baiturrahman,masha allah keren parah smpe tembus ke dalam2????,,24/05/2026 15:51,0,TikTok
Masjid_Raya_Baiturrahman,masyaallah tabarakallah,,22/05/2026 00:34,0,TikTok
Masjid_Raya_Baiturrahman,Ijin download video ya min,,21/05/2026 23:18,0,TikTok
Masjid_Raya_Baiturrahman,semoga lebaran ini bisa ke tempat yg mulia ini.. ????,,21/05/2026 22:46,0,TikTok
Masjid_Raya_Baiturrahman,Ijin saya post ulang ??????,,20/05/2026 12:51,2,TikTok
Masjid_Raya_Baiturrahman,Macam pernah ku lihat Masjid seperti ini nama seperti ini. Tapi Masjid itu kecik. Ini Masjid besar mana Ya??,,21/05/2026 23:23,0,TikTok
Masjid_Raya_Baiturrahman,ini bukn nya mesjit raya baiturrahman banda aceh?,,26/05/2026 11:17,1,TikTok
Masjid_Raya_Baiturrahman,[Sticker] ,,26/05/2026 08:26,0,TikTok
Masjid_Raya_Baiturrahman,"masyaallah main dron dalam masjid ??, salam dari Banda Aceh ????",,22/05/2026 12:08,0,TikTok
Museum_Tsunami_Aceh,"""Masjid Rahmatullah berdiri kokoh di pesisir pantai lampuuk sementara bangunan lain hancur porak poranda"" merinding bacanya??",,09/07/2025 16:03,271,TikTok
Museum_Tsunami_Aceh,Stunami??,,17/06/2025 22:27,38,TikTok
Museum_Tsunami_Aceh,pengibaran bendera setengah tiang,,03/08/2025 13:25,1,TikTok
Museum_Tsunami_Aceh,tsunami ka bukan stunami??,,08/08/2025 10:05,2,TikTok
Museum_Tsunami_Aceh,Blm lahir,,30/07/2025 20:55,3,TikTok
Museum_Tsunami_Aceh,"kemaren habis ke museum,ke kapal terapung kakk",,07/04/2026 20:59,0,TikTok
Museum_Tsunami_Aceh,"saudara ayah ku banyak yang kena dampak tsunami Aceh
banyak yang meninggal dan jasad nya gak ada di temukan sampai sekarang:)
""kisah kelam tsunami aceh""",,22/07/2025 07:57,57,TikTok
Museum_Tsunami_Aceh,folloback,,29/05/2025 01:55,2,TikTok
Museum_Tsunami_Aceh,ikut nyesek padahl bukan orang aceh??,,08/08/2025 01:40,10,TikTok
Museum_Tsunami_Aceh,"""Aceh Bangkit tidak Sendiri""",,05/08/2025 11:53,1,TikTok
Museum_Tsunami_Aceh,day 1 salah nulis,,02/08/2025 12:29,2,TikTok
Museum_Tsunami_Aceh,stunami??,,12/08/2025 08:18,1,TikTok
Museum_Tsunami_Aceh,enak yang pernah masuk ke museumnya,,19/07/2025 17:26,1,TikTok
Museum_Tsunami_Aceh,pas pas lgi mkn mie aceh,,24/07/2025 21:03,0,TikTok
Museum_Tsunami_Aceh,"26 desember 2004?? yaAllah
dan bulan ini 25desemner 2025 terjadi??tapi bukan tsunami,Pray For Aceh, Sumatera Utara, Sumatera Barat",,07/12/2025 20:42,1,TikTok
Museum_Tsunami_Aceh,nama kakek nenek gw di situ??,,27/07/2025 07:52,5,TikTok
Museum_Tsunami_Aceh,"Gara2 berita tsunami aceh yg dulu muncul2 lagi di beranda, semalem mimpi kena tsunami visualnya juelassss bangetttt warnanya dll sambil teriak ""waduhh mati ini Maaa Paa !! (aku liat ke arah atas, posisiku paling bawah. Atasnya papa, atasnya lagi mama) astaghfirullah yaAllah bismillah!!"" Bilang bismillah karena takut gimana rasanya kelelep. Dan di dalem mimpi ngerasa kayak 'yaampun sia2 aku hidup ujung2nya matii.. akhirat lebih penting daripada dunia'",,09/08/2025 06:11,2,TikTok
Museum_Tsunami_Aceh,Gw bikin infografis buat tugas semester Juli tahun lalu tentang mitigasi gempa dan tsunami. Sampe hari ini masih terpajang di kamar dengan terdapat kalimat Bila Gempa Berpotensi Tszunami. Iya TZSUNAMI??????,,14/06/2025 15:34,5,TikTok
Museum_Tsunami_Aceh,kangen aceh tmpt kelahiran aku?????? pengen ke museum itu lagi kangennn bngettt udh sudah 6 thun ga ke aceh,,02/08/2025 18:36,0,TikTok
Museum_Tsunami_Aceh,di nomor 12 ada masjid aceh utuh,,11/08/2025 16:35,0,TikTok
Museum_Tsunami_Aceh,izin share,,04/08/2025 08:53,0,TikTok
Museum_Tsunami_Aceh,aku 4 THN kena ombak tsunami,,04/08/2025 00:29,0,TikTok
Museum_Tsunami_Aceh,"kakak nya ayahku pernah ngalamin
tsunami ini Alhamdulillah kakak nya
ayahku selamat semua keluarga nya",,18/08/2025 13:37,0,TikTok
Museum_Tsunami_Aceh,?????? ???????? ?????? ???? ???????? ???????? ?????????? ???????? ?????????????????? ???????????? ????????????????,,15/08/2025 12:56,0,TikTok
Museum_Tsunami_Aceh,"ada namaku ""LIZA"" ngga kebayang sebanyak itu jasad yang sudah terendam ??",,13/09/2025 13:27,0,TikTok
Museum_Tsunami_Aceh,salpok ama foto ke9 ada nama agusyanto,,10/04/2026 15:50,0,TikTok
Museum_Tsunami_Aceh,tgl kejadian nya mirip pas aku lahir??,,24/07/2025 10:29,0,TikTok
Museum_Tsunami_Aceh,"Tsunami kak, bkn Stunami",,21/08/2025 23:20,0,TikTok
Museum_Tsunami_Aceh,Plis kangen kakek ??,,31/07/2025 09:34,0,TikTok
Museum_Tsunami_Aceh,kangen banget sama om aku dan sepupu akuu,,02/08/2025 13:21,0,TikTok
Museum_Tsunami_Aceh,emang se kangen itu sampe mengingat kembali??,,07/08/2025 20:20,1,TikTok
Museum_Tsunami_Aceh,@redvelvet,,18/09/2025 15:06,0,TikTok
Museum_Tsunami_Aceh,@Pisces??,,16/06/2025 00:58,0,TikTok
Museum_Tsunami_Aceh,@raaa,,21/08/2025 16:25,1,TikTok
Museum_Tsunami_Aceh,??,,26/06/2025 12:42,1,TikTok
Museum_Tsunami_Aceh,??,,21/06/2025 06:12,1,TikTok
Museum_Tsunami_Aceh,??,,18/12/2025 17:19,0,TikTok
Museum_Tsunami_Aceh,??,,01/12/2025 21:31,0,TikTok
Museum_Tsunami_Aceh,??,,07/01/2026 17:56,0,TikTok
Museum_Tsunami_Aceh,??,,04/12/2025 17:17,0,TikTok
Museum_Tsunami_Aceh,??,,19/11/2025 16:04,0,TikTok
Museum_Tsunami_Aceh,??,,21/11/2025 14:35,0,TikTok
Museum_Tsunami_Aceh,??????,,14/11/2025 21:22,0,TikTok
Museum_Tsunami_Aceh,??,,06/11/2025 01:05,0,TikTok
Museum_Tsunami_Aceh,??,,02/11/2025 13:38,0,TikTok
Museum_Tsunami_Aceh,???,,29/10/2025 22:55,0,TikTok
Museum_Tsunami_Aceh,??,,05/10/2025 16:47,0,TikTok
Museum_Tsunami_Aceh,??????,,04/10/2025 07:58,0,TikTok
Museum_Tsunami_Aceh,??,,11/12/2025 15:39,0,TikTok
Museum_Tsunami_Aceh,??,,23/12/2025 23:02,0,TikTok
Museum_Tsunami_Aceh,??,,07/08/2025 14:17,0,TikTok
Museum_Tsunami_Aceh,??,,11/12/2025 18:47,0,TikTok
Museum_Tsunami_Aceh,??????,,26/11/2025 07:01,0,TikTok
Museum_Tsunami_Aceh,??,,16/12/2025 23:31,0,TikTok
Museum_Tsunami_Aceh,??,,06/08/2025 14:48,0,TikTok
Museum_Tsunami_Aceh,??,,27/11/2025 23:36,0,TikTok
Museum_Tsunami_Aceh,??,,07/01/2026 17:56,0,TikTok
Museum_Tsunami_Aceh,??,,26/08/2025 18:41,0,TikTok
Museum_Tsunami_Aceh,??????,,13/06/2025 00:12,0,TikTok
Museum_Tsunami_Aceh,??,,29/11/2025 09:33,0,TikTok
Museum_Tsunami_Aceh,??,,29/11/2025 23:07,0,TikTok
Museum_Tsunami_Aceh,??,,28/07/2025 08:24,0,TikTok
Museum_Tsunami_Aceh,??????,,04/10/2025 07:58,0,TikTok
Museum_Tsunami_Aceh,??,,26/09/2025 08:45,0,TikTok
Museum_Tsunami_Aceh,????,,04/08/2025 21:38,0,TikTok
Museum_Tsunami_Aceh,??,,02/08/2025 15:55,0,TikTok
Museum_Tsunami_Aceh,??,,31/07/2025 08:51,0,TikTok
Museum_Tsunami_Aceh,??,,30/07/2025 14:18,0,TikTok
Museum_Tsunami_Aceh,??,,12/04/2026 21:27,0,TikTok
Museum_Tsunami_Aceh,??,,09/09/2025 08:15,0,TikTok
Museum_Tsunami_Aceh,aku juga udh kesana sedih ketika aku membaca kisah nya??,,22/08/2025 17:00,0,TikTok
Museum_Tsunami_Aceh,??????,,04/08/2025 22:04,0,TikTok
Museum_Tsunami_Aceh,??????,,27/07/2025 11:33,0,TikTok
Museum_Tsunami_Aceh,??,,27/07/2025 05:12,0,TikTok
Museum_Tsunami_Aceh,??,,26/07/2025 18:35,0,TikTok
Museum_Tsunami_Aceh,??,,26/07/2025 18:36,0,TikTok
Museum_Tsunami_Aceh,??,,24/07/2025 20:17,0,TikTok
Museum_Tsunami_Aceh,??????,,22/07/2025 12:22,0,TikTok
Museum_Tsunami_Aceh,??,,22/07/2025 12:27,0,TikTok
Museum_Tsunami_Aceh,??????,,22/07/2025 06:42,0,TikTok
Museum_Tsunami_Aceh,????,,21/07/2025 16:19,0,TikTok
Museum_Tsunami_Aceh,??????,,21/07/2025 09:55,0,TikTok
Museum_Tsunami_Aceh,??,,20/07/2025 06:38,0,TikTok
Museum_Tsunami_Aceh,??,,19/07/2025 20:31,0,TikTok
Museum_Tsunami_Aceh,?,,03/07/2025 03:55,0,TikTok
Museum_Tsunami_Aceh,??,,24/06/2025 16:16,0,TikTok
Museum_Tsunami_Aceh,??????,,24/06/2025 12:44,0,TikTok
Museum_Tsunami_Aceh,??,,19/07/2025 22:11,0,TikTok
Museum_Tsunami_Aceh,??,,26/12/2025 07:42,0,TikTok
Museum_Tsunami_Aceh,kalau balik aceh jangan lupe agak farhan ke setu @???????????? ????????????????,,20/07/2025 10:59,0,TikTok
Museum_Tsunami_Aceh,bukan Stunami tapi Tsunami??,,09/08/2025 07:48,1,TikTok
Museum_Tsunami_Aceh,dan netizen indonesia bilang malaysia gak pernah ngebantu mereka ??,,22/08/2025 12:41,0,TikTok
Museum_Tsunami_Aceh,tsunami kak bukan stunami,,07/08/2025 07:51,0,TikTok
Museum_Tsunami_Aceh,??,,20/07/2025 03:16,0,TikTok
Museum_Tsunami_Aceh,??,,03/08/2025 21:46,0,TikTok
Museum_Tsunami_Aceh,??????,,02/08/2025 12:50,0,TikTok
Museum_Tsunami_Aceh,??,,02/08/2025 00:11,0,TikTok
Museum_Tsunami_Aceh,??????,,29/07/2025 06:12,0,TikTok
Museum_Tsunami_Aceh,??????,,20/07/2025 07:07,0,TikTok
Museum_Tsunami_Aceh,??????,,20/07/2025 06:57,0,TikTok
PLTD_Apung,Dan kata warga aceh dibawah kapal itu masih banyak jenzh yg masih blm di evakuasi,,27/12/2024 18:17,333,TikTok
PLTD_Apung,88888?8,,25/05/2026 01:24,0,TikTok
PLTD_Apung,"kapal seberat dan sebesar itu bisa keseret ombak sunami, tp rumah cut putri tetap berdiri kokoh sehingga dia bisa merekam bencana dahsyat itu. sungguh Luar biasa.",,28/12/2024 20:39,214,TikTok
PLTD_Apung,aku pernah ke sana . sering kata warga aceh dibawah kapal itu masih banyak jenzh,,13/01/2026 20:59,0,TikTok
PLTD_Apung,berarti paska stunami. aliran listrik di banda aceh sempat berhenti ber hari2 ya,,27/12/2024 17:56,37,TikTok
PLTD_Apung,mgkin saja org yg sebagian hilang ada di bawah kapal apung ini??,,27/12/2024 19:47,95,TikTok
PLTD_Apung,takutnya msh ada korban yg ad di bwh kapal tsb??,,27/12/2024 23:33,30,TikTok
PLTD_Apung,udah pernah masuk ...,,03/05/2026 17:18,0,TikTok
PLTD_Apung,udh pernah naik ke kapal itu thn 2015 lalu dan agak merinding dikit pas d sana,,27/12/2024 17:05,2,TikTok
PLTD_Apung,merinding naek ke kapal ini,,27/12/2024 19:53,16,TikTok
PLTD_Apung,"sudah pernah masuk tapi jujur dalamnya panas bnget hrusnya dikasih AC duduk atau alat pndingin lainya,buat aku yg bukan asli dari Aceh kulit terasa kebakar ??",,27/12/2024 16:54,11,TikTok
PLTD_Apung,memang besar kuasan Allah,,27/12/2024 21:09,1,TikTok
PLTD_Apung,"aku pernah ke sini terus pas naik aku merinding, sama tiba tiba bawaanya sedih sama mau nangis . dan gak nyaman bgt di dalem kapal. jadi gak berani lama lama di atas.",,28/12/2024 02:51,11,TikTok
PLTD_Apung,Maha kuasa Allah,,27/12/2024 16:15,0,TikTok
PLTD_Apung,jadiin duet,,15/11/2025 14:45,0,TikTok
PLTD_Apung,udh masuk sya ke situ bayar masuk nya,,08/11/2025 21:01,0,TikTok
PLTD_Apung,sebelum ribuan,,27/12/2024 13:57,1,TikTok
PLTD_Apung,kpn bisa k Aceh,,29/12/2024 07:34,0,TikTok
PLTD_Apung,itu klw ngak salah masih ada mayat di bawah kapal nya,,29/12/2024 17:34,0,TikTok
PLTD_Apung,kebayang ada mayat gak di bawah kapal nya,,29/12/2024 16:11,0,TikTok
PLTD_Apung,???????? IP o,,06/01/2025 13:04,0,TikTok
PLTD_Apung,"mudah""an Tuhan Mengijinkan aq bisa datang kesini ????",,30/12/2024 11:40,0,TikTok
PLTD_Apung,"Aku dari Makassar, tahun 2019 pernah ke sini sekeluarga, ke kapal kayu yang diatas rumah juga, kebayang gimana kuatnya gelombang tsunami",,29/12/2024 20:52,0,TikTok
PLTD_Apung,sy SDH lihat dan naik ke atas kapal nya,,06/02/2025 12:32,0,TikTok
PLTD_Apung,"Waktu kecil pernah kesini setahun setelah kejadian tsunami, bau nya kenceng banget padahal dari dalem mobil dan kaca di tutup semua",,01/01/2025 13:07,0,TikTok
PLTD_Apung,kami pernah di situ,,27/05/2026 11:44,0,TikTok
PLTD_Apung,udah aku masuk ke dalam kapal itu,,17/01/2025 11:06,0,TikTok
PLTD_Apung,aku yakin di gwah kapal ini bner ak korban jwa yg tertidih??????????????????,,30/12/2024 16:47,0,TikTok
PLTD_Apung,Alhamdulillah saya dari Pasaman udah pernah kesini thn 2017 .,,27/12/2024 16:22,0,TikTok
PLTD_Apung,Alhamdulillah saya dari Bekasi 2014 saya sudah kesini naik dikapal ini ??????,,27/12/2024 14:08,1,TikTok
PLTD_Apung,itu di punge blang banda aceh,,28/12/2024 11:27,1,TikTok
PLTD_Apung,Allahhuakbar..??,,27/12/2024 17:49,0,TikTok
PLTD_Apung,"dahsyat ny kuasa Allah,ap sih yg TDK bagi Allah ????",,28/12/2024 21:23,0,TikTok
PLTD_Apung,orang yg ada di dalam kapal ini pd kemana pada saat kejadian?,,28/12/2024 10:19,0,TikTok
PLTD_Apung,Saya sudah sampai kedalam cuman tak sampai keatas nyesel tak sampai keatas semoga besok bisa kesana lagi,,29/12/2024 00:11,1,TikTok
PLTD_Apung,"aq GK tega naik2 kapal,GK kebayang pasti ada mayat di bawah kapal itu??",,28/12/2024 09:13,0,TikTok
PLTD_Apung,Allah Maha Berkuasa,,27/12/2024 20:08,0,TikTok
PLTD_Apung,"terseret 5 km, bukan 3 km",,27/12/2024 21:52,0,TikTok
PLTD_Apung,"Dulu perna naik kapal ini saat main main ke aceh ,,masyallah kebayang betapa besar dan tinggi nya kapa ini",,27/12/2024 22:01,0,TikTok
PLTD_Apung,klou dulu kesana bisa sakit. seperti kesurupan????,,27/12/2024 20:16,0,TikTok
PLTD_Apung,aku udah pergi sayang banget ??????????????????????????????????????,,17/05/2026 13:31,0,TikTok
PLTD_Apung,"serius nanya, pas kapal ini terdampar dlm nya ada manusia nya ga ya?",,04/05/2026 11:54,0,TikTok
PLTD_Apung,??,,15/11/2025 22:46,0,TikTok
PLTD_Apung,??,,22/07/2025 15:25,0,TikTok
PLTD_Apung,??,,22/07/2025 15:25,0,TikTok
PLTD_Apung,??,,08/07/2025 07:41,0,TikTok
PLTD_Apung,??,,06/07/2025 18:59,0,TikTok
PLTD_Apung,??,,19/11/2025 08:57,0,TikTok
PLTD_Apung,??,,16/12/2025 12:57,0,TikTok
PLTD_Apung,??,,22/07/2025 15:25,0,TikTok
PLTD_Apung,??,,07/08/2025 09:23,0,TikTok
PLTD_Apung,??,,16/12/2025 16:51,0,TikTok
PLTD_Apung,??,,21/10/2025 12:27,0,TikTok
PLTD_Apung,??,,25/10/2025 13:12,0,TikTok
PLTD_Apung,??,,25/11/2025 15:08,0,TikTok
PLTD_Apung,@call_mee @kyen @alifiaa,,11/05/2026 17:06,0,TikTok
PLTD_Apung,??,,26/10/2025 15:40,0,TikTok
PLTD_Apung,??,,27/12/2024 15:48,0,TikTok
PLTD_Apung,"Alhamdulillah, saya sudah naik ke kapal ini 2017.",,28/12/2024 16:25,0,TikTok
PLTD_Apung,aku perna ke sama bg,,29/12/2024 01:00,0,TikTok
PLTD_Apung,??,,02/05/2026 18:50,0,TikTok
PLTD_Apung,??,,10/12/2025 18:08,0,TikTok
PLTD_Apung,??,,06/12/2025 12:55,0,TikTok
PLTD_Apung,??,,12/11/2025 17:32,0,TikTok
PLTD_Apung,??,,12/11/2025 05:12,0,TikTok
PLTD_Apung,??,,11/11/2025 23:48,0,TikTok
PLTD_Apung,??,,11/11/2025 19:51,0,TikTok
PLTD_Apung,??,,29/10/2025 18:02,0,TikTok
PLTD_Apung,??,,28/02/2025 10:20,0,TikTok
PLTD_Apung,??,,03/03/2025 10:50,0,TikTok
PLTD_Apung,??,,27/10/2025 09:41,0,TikTok
PLTD_Apung,@Hau,,02/02/2025 01:29,0,TikTok
PLTD_Apung,??,,03/04/2025 21:44,0,TikTok
PLTD_Apung,??????,,09/01/2025 19:36,0,TikTok
PLTD_Apung,??,,09/01/2025 03:30,0,TikTok
PLTD_Apung,??,,29/10/2025 18:02,0,TikTok
PLTD_Apung,??,,04/01/2025 20:40,0,TikTok
PLTD_Apung,??,,14/04/2025 18:18,0,TikTok
PLTD_Apung,??????,,30/12/2024 22:03,0,TikTok
PLTD_Apung,??????,,28/12/2024 09:15,0,TikTok
PLTD_Apung,??????,,28/12/2024 06:07,0,TikTok
PLTD_Apung,??,,02/05/2025 17:57,0,TikTok
PLTD_Apung,??????,,03/05/2025 19:15,0,TikTok
PLTD_Apung,??????,,29/12/2024 11:47,0,TikTok
PLTD_Apung,??????,,29/12/2024 08:28,0,TikTok
PLTD_Apung,??,,05/05/2025 04:23,0,TikTok
PLTD_Apung,??,,05/05/2025 09:57,0,TikTok
PLTD_Apung,??????,,28/12/2024 15:23,0,TikTok
PLTD_Apung,??,,06/05/2025 19:55,0,TikTok
PLTD_Apung,??????,,28/12/2024 17:23,0,TikTok
PLTD_Apung,??,,28/12/2024 18:59,0,TikTok
PLTD_Apung,??,,01/07/2025 12:29,0,TikTok
PLTD_Apung,??,,02/06/2025 20:19,0,TikTok
PLTD_Apung,??,,06/05/2025 21:27,0,TikTok
PLTD_Apung,??,,23/03/2025 19:31,0,TikTok
PLTD_Apung,??????,,02/02/2025 20:38,0,TikTok
PLTD_Apung,??,,12/01/2025 12:46,0,TikTok
PLTD_Apung,??????,,28/12/2024 05:25,0,TikTok
PLTD_Apung,??,,27/12/2024 23:29,0,TikTok
PLTD_Apung,??????,,29/12/2024 08:25,0,TikTok
Ulee_Lheue_Beach,[Sticker] ,,22/02/2026 08:57,2,TikTok
Ulee_Lheue_Beach,kota kelahiran ku????,,13/02/2026 15:47,2,TikTok
Ulee_Lheue_Beach,MasyaAllah semua keren????????,,23/02/2026 22:41,2,TikTok
Ulee_Lheue_Beach,cantik..,,14/03/2026 00:31,3,TikTok
Ulee_Lheue_Beach,hnya ini pantai yg terletak di bnda Aceh,,11/02/2026 11:09,8,TikTok
Ulee_Lheue_Beach,Luarbiasa pemandangan ??,,12/02/2026 22:39,3,TikTok
Ulee_Lheue_Beach,Bereh????,,15/03/2026 14:10,2,TikTok
Ulee_Lheue_Beach,pantai yang indah????????,,18/02/2026 17:19,3,TikTok
Ulee_Lheue_Beach,"Nama Tarmizi di Aceh
Bismilahirahmanirah
Alham dulilah amin
??????????????????????????????????????????????????????????",,03/03/2026 11:41,3,TikTok
Ulee_Lheue_Beach,mantepppppp.,,22/02/2026 23:14,3,TikTok
Ulee_Lheue_Beach,indah nyaa,,24/02/2026 05:18,2,TikTok
Ulee_Lheue_Beach,keren,,06/03/2026 14:39,2,TikTok
Ulee_Lheue_Beach,masya Allah... cntik nya,,13/02/2026 08:15,2,TikTok
Ulee_Lheue_Beach,asalamualaikum keren 2??????????????,,17/03/2026 14:43,1,TikTok
Ulee_Lheue_Beach,dimna?,,13/02/2026 01:03,2,TikTok
Ulee_Lheue_Beach,luas sekali pantainya,,28/04/2026 20:54,1,TikTok
Ulee_Lheue_Beach,Indahnya pantai ule le Banda Aceh... ??...,,27/03/2026 20:21,1,TikTok
Ulee_Lheue_Beach,asalamualaikum wow keren banget pemandangan nya mas di mana itu maaf mas??????????,,16/02/2026 19:02,3,TikTok
Ulee_Lheue_Beach,pantai ini ada pemandian khusus anak anak kecil juga ??????,,06/03/2026 20:43,2,TikTok
Ulee_Lheue_Beach,mantap dan keren pemandangannya??????????,,13/02/2026 09:30,3,TikTok
Ulee_Lheue_Beach,"dulu sebelum TSUNAMI kawasan ini sangat dalam air nya, skrg malah sdh jd pantai..",,27/02/2026 21:26,2,TikTok
Ulee_Lheue_Beach,"bahaya mandi di situ,.. ??",,15/02/2026 19:21,2,TikTok
Ulee_Lheue_Beach,wow.. indah nian,,18/03/2026 17:59,2,TikTok
Ulee_Lheue_Beach,rindu mau kesana,,13/03/2026 09:21,2,TikTok
Ulee_Lheue_Beach,cantik that pemandangan gk bosan2 memandang,,15/02/2026 00:04,2,TikTok
Ulee_Lheue_Beach,Aamiin ya allah aaminn.ya rabbal'alamin Bismillahirrahnirrahim Alhamdulillah.Aaminn ????,,13/02/2026 13:56,2,TikTok
Ulee_Lheue_Beach,asalamualaikum terimakasih ya hadirnya selamat malem ??????????????????????????????,,16/03/2026 20:00,1,TikTok
Ulee_Lheue_Beach,oh di Banda Aceh tapi syg ya sangat jauh sekali ya cukup lihat di postingan ajah deh ????????????????,,15/03/2026 15:30,1,TikTok
Ulee_Lheue_Beach,diujung sana itulah spot mancing favoritku ????,,10/02/2026 21:08,2,TikTok
Ulee_Lheue_Beach,"Ma Syaa Allah, Nangroe Aceh Darussalam memang sangat indah, Maha Besar Allah dengan segala ciptaan Nya, gak bosan, walaupun berulang kali diputar..????????????",,17/02/2026 01:19,2,TikTok
Ulee_Lheue_Beach,keren Aceh q ????????????,,11/02/2026 10:01,2,TikTok
Ulee_Lheue_Beach,tenang banget air nya ada buay4 gak ya,,12/02/2026 12:16,2,TikTok
Ulee_Lheue_Beach,ini diblakang rumah ku????,,11/02/2026 14:28,3,TikTok
Ulee_Lheue_Beach,tiap sore kesitu ngopi,,11/02/2026 07:28,3,TikTok
Ulee_Lheue_Beach,ini pantai yg sebelah mana ya soalnya kalo pantai yg biasa di datangin org kan udh dimakan laut,,15/02/2026 14:29,3,TikTok
Ulee_Lheue_Beach,ka deu laot tanyo,,11/02/2026 13:58,2,TikTok
Ulee_Lheue_Beach,itu pantai pavoritku ??,,10/02/2026 21:33,2,TikTok
Ulee_Lheue_Beach,"pengen mancing lg di situ,,, seru mancing di situ",,13/02/2026 17:25,2,TikTok
Ulee_Lheue_Beach,"hampir tiap Minggu jajan sambil nikmati sunset di sini????videonya bagus bang??,semangat ya",,12/02/2026 12:51,2,TikTok
Ulee_Lheue_Beach,pantai ulee lheue . indah . . dan nyama tuk berenang . . .????????????,,11/02/2026 20:23,1,TikTok
Ulee_Lheue_Beach,wah,,11/02/2026 17:56,2,TikTok
Ulee_Lheue_Beach,"baru tau loh pantainya gini, kirain airnya full sampe pinggir",,12/02/2026 19:21,1,TikTok
Ulee_Lheue_Beach,di belakang mesjid ule lhee,,11/02/2026 23:49,2,TikTok
Ulee_Lheue_Beach,"pantai y mematikan,setiap thn dan setiap menjelang haji selalu memakan korban dipantai itu,pantai ulele dibelakang mesjid.
sabtu lalu sudah merenggut 1 nyawa lagi disana,tahun lalu jg terjadi hal y sama,thn beklakangnya ayah y meyelamatkan anaknya menjadi korba disana.",,12/02/2026 23:37,3,TikTok
Ulee_Lheue_Beach,rindu y plang ke banda aceh . . pengen mandi berenang di pantai ulee lee,,11/02/2026 20:22,1,TikTok
Ulee_Lheue_Beach,ok terimakasih ????,,16/03/2026 20:04,0,TikTok
Ulee_Lheue_Beach,iya sama 2??????????,,17/03/2026 22:01,1,TikTok
Ulee_Lheue_Beach,????~~,,19/03/2026 03:31,1,TikTok
Ulee_Lheue_Beach,??????,,14/03/2026 23:54,1,TikTok
Ulee_Lheue_Beach,??????,,25/02/2026 12:43,1,TikTok
Ulee_Lheue_Beach,??????,,28/02/2026 05:27,1,TikTok
Ulee_Lheue_Beach,kapan cari kepiting lagi men @ardaaa,,12/02/2026 08:29,1,TikTok
Ulee_Lheue_Beach,????,,13/02/2026 11:04,1,TikTok
Ulee_Lheue_Beach,??????,,12/02/2026 13:40,1,TikTok
Ulee_Lheue_Beach,????????,,03/03/2026 22:03,0,TikTok
Ulee_Lheue_Beach,????,,16/02/2026 19:36,1,TikTok
Ulee_Lheue_Beach,????????????????????,,12/02/2026 09:19,1,TikTok
Ulee_Lheue_Beach,??????,,12/02/2026 11:10,1,TikTok
Ulee_Lheue_Beach,??????,,10/02/2026 22:15,1,TikTok
Ulee_Lheue_Beach,??????,,10/02/2026 22:27,0,TikTok
Ulee_Lheue_Beach,??????,,26/02/2026 20:09,1,TikTok
Ulee_Lheue_Beach,??,,25/04/2026 03:33,1,TikTok
Ulee_Lheue_Beach,??????????????????????????????,,17/03/2026 22:02,1,TikTok
Ulee_Lheue_Beach,????????,,03/03/2026 11:00,0,TikTok
Ulee_Lheue_Beach,SINI SAYA BACK SEMUA AFFILIATE TIKTOK??%AMANAH????,,12/02/2026 12:12,1,TikTok
Ulee_Lheue_Beach,??,,18/02/2026 10:00,1,TikTok
Ulee_Lheue_Beach,@??????????????????,,13/02/2026 15:00,1,TikTok
Ulee_Lheue_Beach,"Hana that pah aduen euk lantaran tengoh surot ie laot,musik cukop pah",,11/02/2026 08:33,1,TikTok
Lampuuk_Beach,doakan sy bisa dtg aceh tahun dpn yaa .. salam dr malaysia ??,,22/07/2025 06:57,90,TikTok
Lampuuk_Beach,Tolak batalion mereka menghina kedaulatan bangsa aceh,,21/07/2025 04:17,165,TikTok
Lampuuk_Beach,Lebih pas lagi kalo ditanam pohon kelapa yg banyak.,,20/07/2025 08:26,749,TikTok
Lampuuk_Beach,vibes Brazil????,,20/07/2025 13:51,83,TikTok
Lampuuk_Beach,aceh serpihan syurga masyaallah keren,,20/07/2025 21:41,9,TikTok
Lampuuk_Beach,Cakep memang tapi gak tahan panasnya pas kesitu ??,,23/07/2025 19:42,24,TikTok
Lampuuk_Beach,qadaruulah thl 27 bulan 11 2024 kemarin adik sya tggelam di pntai tebing lampuuk di tmukan stlah 4 hari di pulau aceh..sudah mninggal dunia...,,24/07/2025 12:02,12,TikTok
Lampuuk_Beach,seandainya tiket pesawat terjangkau ke aceh.. kita bisa mengalahkan bali,,20/07/2025 17:06,441,TikTok
Lampuuk_Beach,oh ternyata Aceh cantik yaa,,23/08/2025 13:10,10,TikTok
Lampuuk_Beach,sayang nya menu selalu mie kuah mencret,,29/08/2025 10:51,26,TikTok
Lampuuk_Beach,Indah pemandangan wisata Pantai Tebing Lampuuk Aceh??????,,28/08/2025 07:40,10,TikTok
Lampuuk_Beach,makin cantik aja nih pantai tebing nya ??,,20/07/2025 07:34,10,TikTok
Lampuuk_Beach,"sblum nikah sllu d ajak ke sini katanya sangat indah ,,stlah nikah ga d bwa lgi katanya udh cpek k sana trus ,,??????",,21/07/2025 11:34,8,TikTok
Lampuuk_Beach,Harga Tiket pesawatnya dari NTT g ngotak jirr nembus 4jt ??,,25/07/2025 05:35,5,TikTok
Lampuuk_Beach,Hawaii nya Banda,,20/07/2025 18:05,16,TikTok
Lampuuk_Beach,"10 thn pernah kesini, air lautnya jernih ??????pengen datang lagi",,20/07/2025 15:14,37,TikTok
Lampuuk_Beach,beda dengan dibali bnyk yg berjemur. di aceh pantai natural tanpa maksiat. sayangnya di aceh gk ada bioskop??,,23/07/2025 07:37,11,TikTok
Lampuuk_Beach,masalahnya aceh mengaitkan pariwisata alam dengan agama sehingga susah laku di jual..masa harus pakai jilbab.. padahal pantai gunung adalah aktivitas yang memerlukan baju simpel bukan ribet,,27/07/2025 09:49,9,TikTok
Lampuuk_Beach,andai ada bunga di kelilingi nya pantai itu tmbah cantik,,20/07/2025 18:04,6,TikTok
Lampuuk_Beach,alhamdulillah... orang kaltim bisa berkunjung ke lampuuk?? mantab pantainya????,,26/08/2025 16:23,5,TikTok
Lampuuk_Beach,"jadi pengen ke Aceh??,
salam dari pidie",,21/07/2025 23:00,7,TikTok
Lampuuk_Beach,"aceh itu sepnjang jalannya laut semua,dan indah2 banget,sebnrnya bali kalah,tapi krn berbenturan dengan aturan agama jadi mungkin orng yg mau kebenasan berlibur gak bisa",,22/07/2025 07:20,5,TikTok
Lampuuk_Beach,pernah kesana bang,,13/05/2026 12:00,0,TikTok
Lampuuk_Beach,izin share kaka,,21/04/2026 21:20,0,TikTok
Lampuuk_Beach,apa nama tempat nya?,,24/03/2026 15:16,0,TikTok
Lampuuk_Beach,adakah penginapan nya dekat situ,,07/04/2026 15:16,0,TikTok
Lampuuk_Beach,kangeeen lampuuk????,,03/04/2026 00:34,1,TikTok
Lampuuk_Beach,Kok ga ada yang mainan air ?,,06/05/2026 20:15,0,TikTok
Lampuuk_Beach,emang gaboleh pake celana pendek ya kk?,,22/03/2026 19:32,0,TikTok
Lampuuk_Beach,Bukannya hari ini hujan dan angin ya??,,20/07/2025 18:56,0,TikTok
Lampuuk_Beach,mau tanya kalau ke aceh laki2 harus pake calana panjang kah? meski non muslim?,,22/07/2025 16:01,3,TikTok
Lampuuk_Beach,"Belum punya paspor, dan masih IQRA. takut di Cambuk",,22/07/2025 17:15,1,TikTok
Lampuuk_Beach,klo ke sana kondisi jalannya gimana ya kak? klo kesana sore aman ga pulangnya?,,27/08/2025 17:08,0,TikTok
Lampuuk_Beach,keren ??,,17/08/2025 18:50,1,TikTok
Lampuuk_Beach,Aceh the best ??,,09/08/2025 03:50,4,TikTok
Lampuuk_Beach,keren ??????,,17/08/2025 18:10,1,TikTok
Lampuuk_Beach,"wow,it's so beautiful",,20/08/2025 23:27,1,TikTok
Lampuuk_Beach,Wah Sangat Indih Pantai Lampu'uk Banda Aceh ya????,,20/07/2025 11:43,2,TikTok
Lampuuk_Beach,Masyaallah rindu nya..kali terakhir Dtg thn 1999??????,,21/07/2025 12:44,1,TikTok
Lampuuk_Beach,"aku pernah kesitu itu namanya pantai tebing lampuuk kan aku pernah pergi kak
[foto]??",,17/02/2026 11:51,2,TikTok
Lampuuk_Beach,sdh nyampe disana...2022,,22/07/2025 20:27,1,TikTok
Lampuuk_Beach,"terakhir, sblm tsunami kpantai ini",,20/07/2025 23:32,0,TikTok
Lampuuk_Beach,duduk2 di situ mesti pesen makan kk? atau ada bayar pertama masuknya?,,21/07/2025 13:15,1,TikTok
Lampuuk_Beach,ooo Haye that??????,,23/07/2025 19:28,2,TikTok
Lampuuk_Beach,rancak bana ??,,30/07/2025 20:26,1,TikTok
Lampuuk_Beach,Beautifull beach ??,,22/07/2025 12:01,2,TikTok
Lampuuk_Beach,Weee udah ramee aja,,20/07/2025 15:59,1,TikTok
Lampuuk_Beach,so beautiful views ?? Indonesia ?? I love ??,,02/10/2025 19:29,1,TikTok
Lampuuk_Beach,indah sekalii aceh ????,,20/07/2025 06:33,4,TikTok
Lampuuk_Beach,Kalau waze ke sini nak type apa ye? Pantai tebing lampuuk?,,11/09/2025 00:18,1,TikTok
Lampuuk_Beach,jauh tak Dari airport acheh,,06/10/2025 12:01,0,TikTok
Lampuuk_Beach,entah kpn lah bisa ke sanaaa??,,20/07/2025 14:33,1,TikTok
Lampuuk_Beach,"168 jam yg lalau pernah kesini, pengen pergi lagi.",,20/07/2025 15:17,2,TikTok
Lampuuk_Beach,hemm mau kesini lagiii ????,,20/07/2025 20:41,1,TikTok
Lampuuk_Beach,lah ke pantai cari dingin?,,21/07/2025 01:57,0,TikTok
Lampuuk_Beach,Masyaallah.. pesona Pantai Lampu'uk ga pernah sirna.. dia ttp indah bahkan semakin indah.. rumah ku dulu di dekat Pantai ini. di gampong Mon ikeun,,24/07/2025 18:02,2,TikTok
Lampuuk_Beach,Sebagus ni,,25/08/2025 23:09,2,TikTok
Lampuuk_Beach,sini ku back semua amanah??,,06/08/2025 19:33,2,TikTok
Lampuuk_Beach,sunset nya indah banget disini,,20/07/2025 23:55,4,TikTok
Lampuuk_Beach,jdi pengen ke aceh tpi blm ada dananya,,21/07/2025 19:20,4,TikTok
Lampuuk_Beach,rindu sekali sma tempat ini??,,20/07/2025 22:59,4,TikTok
Lampuuk_Beach,Bagussss,,05/01/2026 12:37,1,TikTok
Lampuuk_Beach,saya ingin sekali datang ke Aceh soalnya di Aceh indah banget tapi belum kesampaian salam kenal dari Gampong meulum ??,,22/07/2025 15:05,3,TikTok
Lampuuk_Beach,indahhh,,11/01/2026 21:42,1,TikTok
Lampuuk_Beach,"Pantai dan laut nya sangat indah
ku sdh kesana.",,20/07/2025 21:40,3,TikTok
Lampuuk_Beach,??????????????mauuuuuuuihhh,,24/12/2025 20:49,0,TikTok
Lampuuk_Beach,pantai aceh emg seindah itu??,,22/07/2025 18:39,2,TikTok
Lampuuk_Beach,nostalgia tempat kami latihan rock climbing pada masa pada tahun 95 ??????Uda pada punya cucu sekarang,,29/09/2025 22:44,2,TikTok
Lampuuk_Beach,Indah banget ??,,20/07/2025 18:19,3,TikTok
Lampuuk_Beach,jarak dari kota banda aceh jauh gak kk ke pantai ini,,17/11/2025 12:02,1,TikTok
Lampuuk_Beach,"Wow.. Da pernah kemari yg masuk lokasi hanya Rp 2500 Sama sepeda Motor..pantai tebing Lampuuk yg memPesona.
dari Saya Asal Tg.Tiram Batubara SUMUT.",,26/08/2025 08:40,2,TikTok
Lampuuk_Beach,"Tiba kangen pengn kesiniii, dulu pas masi stay dibanda, kalo lagi stress ngerjain skripsi pasti tmpat yg aku singgah tu ketebibg siniii, arghhhhhhhh KANGEN suasananyaaaaaa khaaaaaan????",,26/08/2025 17:23,2,TikTok
Lampuuk_Beach,"pantai tebing memang keren
saya baru dari sana gak bosan"" liat
pemandangan yg indah ??",,20/07/2025 21:08,3,TikTok
Lampuuk_Beach,Kak boleh Spil nama cafe nya ngk?,,27/12/2025 20:05,0,TikTok
Lampuuk_Beach,"walaupun suhunya mencapai 38 derajat tapi tetep rame ya di laut wkwk, emng secakep ituuuu",,21/07/2025 22:05,2,TikTok
Lampuuk_Beach,waw??,,22/08/2025 09:06,1,TikTok
Lampuuk_Beach,"mama gua di aceh,gua stay jkt wkwkw btw gw cowo",,29/10/2025 21:37,1,TikTok
Lampuuk_Beach,BRP uang masuk KK?,,09/11/2025 23:57,1,TikTok
Lampuuk_Beach,bereh??,,30/08/2025 18:04,1,TikTok
Lampuuk_Beach,izin vt ????,,12/08/2025 21:01,0,TikTok
Lampuuk_Beach,Indah sekali??,,16/08/2025 06:51,2,TikTok
Lampuuk_Beach,izin save vt nya kak untuk story ??,,27/07/2025 14:54,0,TikTok
Lampuuk_Beach,seafood nya enak kali ??,,27/07/2025 10:26,2,TikTok
Lampuuk_Beach,indah banget....??,,06/10/2025 22:12,1,TikTok
Lampuuk_Beach,indah,,12/09/2025 12:53,1,TikTok
Lampuuk_Beach,eh gua pengen banget ke aceh ampun,,12/08/2025 17:01,1,TikTok
Lampuuk_Beach,gapernah bosen kesini??????,,16/08/2025 16:59,1,TikTok
Lampuuk_Beach,indah banget????,,07/10/2025 18:44,2,TikTok
Lampuuk_Beach,alhamdulilah dh prnh kesini??,,01/10/2025 21:02,1,TikTok
Lampuuk_Beach,Indahkan tempat wisata Aceh tunggu apa lagi yok gass ke Aceh wisata paling alami seindonesia??,,09/10/2025 20:11,1,TikTok
Lampuuk_Beach,"kalau kalian butuh temen/tour guide yang nonmuslim buat jalan"" ke aceh, khususnya banda aceh/sabang bisa hubungi aku yaa",,15/10/2025 00:10,1,TikTok
Lampuuk_Beach,jauh lebih seru Aceh ketimbang Bali yg udah sumpek??,,28/09/2025 20:40,1,TikTok
Lampuuk_Beach,sini aku back semua affiliate,,20/07/2025 23:13,0,TikTok
Lampuuk_Beach,ehh udah ada tempat duduk yaaa,,22/07/2025 19:13,1,TikTok
Lampuuk_Beach,cantik nya nak...,,16/09/2025 21:39,1,TikTok
Lampuuk_Beach,sungguh indah pantai Aceh??,,28/07/2025 12:00,1,TikTok
Lampuuk_Beach,Indah sekali??????,,02/10/2025 13:31,1,TikTok
Lampuuk_Beach,udah 2 tahun gk ke lampuuk ??,,20/07/2025 20:42,2,TikTok
Lampuuk_Beach,indah Aceh lon??,,01/10/2025 22:52,1,TikTok
